smiles,predicted_prob,predicted_label
CCN1/C(=C\C=C\C=C\C2=[N+](CC)c3ccccc3C2(C)C)C(C)(CC=CC=C2N(C)c3ccccc3C2(C)C)c2ccccc21,0.9326089698412986,1
CCN1/C(=C\C=C\C=C\C2=[N+](CC)c3cccc(C=CC=CC=C4C=C(c5ccccc5)Oc5cc(N(C)C)ccc54)c3C2(C)C)C(C)(C)c2ccccc21,0.9313584526097934,1
CCN1/C(=C\C=C\C=C\C2=[N+](CC)c3ccccc3C2(C)C)C(C)(CC=C2C=Cc3ccccc3N2C)c2ccccc21,0.9312027498334149,1
CC[N+]1=C(/C=C/C=C/C=C2\N(CCC=CC=C3C=C(c4ccccc4)Oc4cc(N(C)C)ccc43)c3ccccc3C2(C)C)C(C)(C)c2ccccc21,0.927402662720852,1
CCN1/C(=C\C=C\C=C\C2=[N+](CC)c3ccccc3C2(C)C)C(C)(CC=C2N(C)c3ccccc3C2(C)C)c2ccccc21,0.9264976242999378,1
CC[N+]1=C(/C=C/C=C/C=C2\N(CCC=CC=CC=C3C=C(c4ccccc4)Oc4cc(N(C)C)ccc43)c3ccccc3C2(C)C)C(C)(C)c2ccccc21,0.9251289549918573,1
CCN1/C(=C\C=C\C=C\C2=[N+](CC)c3ccccc3C2(C)C)C(C)(CC=CC=C2C=C(c3ccccc3)Oc3cc(N(C)C)ccc32)c2ccccc21,0.9245818319176653,1
CCN1/C(=C(\C=C\C=C\C2=[N+](CC)c3ccccc3C2(C)C)C=CC=CC=C2C=C(c3ccccc3)Oc3cc(N(C)C)ccc32)C(C)(C)c2ccccc21,0.9220544637687162,1
CCN1/C(=C\C=C\C=C\C2=[N+](CC)c3ccccc3C2(C)C)C(C)(CC=CC=CC=C2C=C(c3ccccc3)Oc3cc(N(C)C)ccc32)c2ccccc21,0.9216819391822052,1
CCN1/C(=C\C=C\C=C\C2=[N+](CC)c3ccccc3C2(C)C)C(C)(CC=Cc2ccc(N3c4ccccc4CCc4ccccc43)cc2)c2ccccc21,0.918549998455813,1
CC[N+]1=C(/C=C/C=C/C=C2\N(CCC=C3C=Cc4ccccc4N3C)c3ccccc3C2(C)C)C(C)(C)c2ccccc21,0.9185075081715471,1
CCN1/C(=C\C=C\C=C\C2=[N+](CC)c3ccccc3C2(C)C)C(C)(CC=Cc2ccc(OC)cc2OC)c2ccccc21,0.917665883304991,1
CC[N+]1=C(/C=C/C=C/C=C2\N(C(C)c3ccc(-c4ccc(N(C)C)cc4)s3)c3ccccc3C2(C)C)C(C)(C)c2ccccc21,0.9150219861084468,1
CCN1/C(=C\C=C\C=C\C2=[N+](CC)c3ccccc3C2(C)C)C(C)(CC=CC=C2C=Cc3ccccc3N2C)c2ccccc21,0.9147534425597345,1
CCN1/C(=C\C=C\C=C\C2=[N+](CC)c3ccccc3C2(C)C)C(C)(C)c2c1cccc2C=CC=CC=C1C=C(c2ccccc2)Oc2cc(N(C)C)ccc21,0.9140137593591854,1
CC[N+]1=C(/C=C/C=C/C=C2\N(C(C)C=CC=CC=C3C=C(c4ccccc4)Oc4cc(N(C)C)ccc43)c3ccccc3C2(C)C)C(C)(C)c2ccccc21,0.909179324719472,1
CC[N+]1=C(/C=C/C=C/C=C2\N(C(C)C=CC=C3C=C(c4ccccc4)Oc4cc(N(C)C)ccc43)c3ccccc3C2(C)C)C(C)(C)c2ccccc21,0.909179324719472,1
CCN1C(=CCC2(C)/C(=C/C=C/C=C/C3=[N+](CC)c4ccccc4C3(C)C)N(CC)c3ccccc32)Sc2ccccc21,0.9059593919705587,1
CCN1/C(=C\C(=C\C=C\C2=[N+](CC)c3ccccc3C2(C)C)C=CC=CC=C2C=C(c3ccccc3)Oc3cc(N(C)C)ccc32)C(C)(C)c2ccccc21,0.9029159883981609,1
C#Cc1ccc(CC2(C)/C(=C/C=C/C=C/C3=[N+](CC)c4ccccc4C3(C)C)N(CC)c3ccccc32)cc1,0.9017532290993144,1
CC[N+]1=C(/C=C/C=C/C=C2\N(CCC=CC=C3N(C)c4ccccc4C3(C)C)c3ccccc3C2(C)C)C(C)(C)c2ccccc21,0.90148348864028,1
CCN1/C(=C\C=C\C=C\C2=[N+](CC)c3ccccc3C2(C)C)C(C)(CC=CCl)c2ccccc21,0.9013064178862323,1
CCN1/C(=C\C=C\C=C\C2=[N+](CC)c3ccccc3C2(C)C)C(C)(C)c2cccc(C=CC=CC=C3C=C(c4ccccc4)Oc4cc(N(C)C)ccc43)c21,0.8989914941783245,1
CCN1/C(=C\C=C\C=C\C2=[N+](CC)c3c(cccc3C=CC=CC=C3C=C(c4ccccc4)Oc4cc(N(C)C)ccc43)C2(C)C)C(C)(C)c2ccccc21,0.8981828811921345,1
CC[N+]1=C(/C=C/C=C/C=C2\N(CCc3ccc(-c4ccc(N(C)C)cc4)s3)c3ccccc3C2(C)C)C(C)(C)c2ccccc21,0.8966019243478878,1
CCN1/C(=C\C=C\C=C\C2=[N+](CC)c3ccccc3C2(C)C)C(C)(Cc2ccc(OC)cc2)c2ccccc21,0.8963061227179301,1
CC[N+]1=C(/C=C/C=C/C=C2\N(CCC=CC=C3C=Cc4ccccc4N3C)c3ccccc3C2(C)C)C(C)(C)c2ccccc21,0.896097407700365,1
CCN1/C(=C(\C=C\C=C\C2=[N+](CC)c3ccccc3C2(C)C)C=CC=C2C=C(c3ccccc3)Oc3cc(N(C)C)ccc32)C(C)(C)c2ccccc21,0.8950279508713826,1
CCN1/C(=C(\C=C\C=C\C2=[N+](CC)c3ccccc3C2(C)C)C=CC=C2N(C)c3ccccc3C2(C)C)C(C)(C)c2ccccc21,0.894894733496847,1
CCN1/C(=C\C=C\C=C\C2=[N+](CC)c3cccc(C=Cc4ccc(N5c6ccccc6CCc6ccccc65)cc4)c3C2(C)C)C(C)(C)c2ccccc21,0.8941716425967825,1
CCN1/C(=C\C=C\C=C\C2=[N+](CC)c3ccccc3C2(C)C)C(C)(CO)c2ccccc21,0.893870973816567,1
CCN1/C(=C\C=C\C=C\C2=[N+](CC)c3ccccc3C2(C)C)C(C)(Cc2ccc(-c3ccc(N(C)C)cc3)s2)c2ccccc21,0.8938567855116902,1
CCN1/C(=C\C=C\C=C\C2=[N+](CC)c3cccc(C=CC=C4C=C(c5ccccc5)Oc5cc(N(C)C)ccc54)c3C2(C)C)C(C)(C)c2ccccc21,0.8917570490570376,1
CC[N+]1=C(/C=C/C=C/C=C2\N(CCC=Cc3ccc(N4c5ccccc5CCc5ccccc54)cc3)c3ccccc3C2(C)C)C(C)(C)c2ccccc21,0.8913300385313061,1
CCN1/C(=C(\C=C\C=C\C2=[N+](CC)c3ccccc3C2(C)C)C=CC=C2C=Cc3ccccc3N2C)C(C)(C)c2ccccc21,0.890393193483944,1
CCN1/C(=C\C=C\C=C\C2=[N+](CC)c3ccccc3C2(C)C)C(C)(CCl)c2ccccc21,0.8890837391297414,1
CC[N+]1=C(/C=C/C=C/C=C2\N(C(C)C=C3C=Cc4ccccc4N3C)c3ccccc3C2(C)C)C(C)(C)c2ccccc21,0.888627770779473,1
CCN1C(=CC=CCC2(C)/C(=C/C=C/C=C/C3=[N+](CC)c4ccccc4C3(C)C)N(CC)c3ccccc32)Sc2ccccc21,0.8876475226578636,1
CC[N+]1=C(/C=C/C=C/C=C2\N(CCC=Cc3ccc(OC)cc3OC)c3ccccc3C2(C)C)C(C)(C)c2ccccc21,0.8840285478931875,1
CCN1/C(=C\C=C\C=C\C2=[N+](CC)c3cccc(C=Cc4ccc(OC)cc4OC)c3C2(C)C)C(C)(C)c2ccccc21,0.8837408636085198,1
CCN1/C(=C\C=C\C=C\C2=[N+](CC)c3ccccc3C2(C)C)C(C)(Cc2ccc(N(C)C)cc2)c2ccccc21,0.8829098800154348,1
CCN1/C(=C\C=C\C=C\C2=[N+](CC)c3ccccc3C2(C)C)C(C)(Cc2ccc([N+](=O)[O-])cc2)c2ccccc21,0.8828363624846749,1
CC[N+]1=C(/C=C/C=C/C=C2\N(CCc3ccc(N(C)C)cc3)c3ccccc3C2(C)C)C(C)(C)c2ccccc21,0.8821515961507149,1
CC[N+]1=C(/C=C/C=C/C=C2\N(CCC=C3N(C)c4ccccc4C3(C)C)c3ccccc3C2(C)C)C(C)(C)c2ccccc21,0.881505097454399,1
CCN1/C(=C\C(=C\C=C\C2=[N+](CC)c3ccccc3C2(C)C)C=CC=C2C=C(c3ccccc3)Oc3cc(N(C)C)ccc32)C(C)(C)c2ccccc21,0.8813495579031401,1
CCN1/C(=C\C=C\C=C\C2=[N+](CC)c3ccccc3C2(C)C)C(C)(C)c2cc(C=Cc3ccc(N4c5ccccc5CCc5ccccc54)cc3)ccc21,0.8805520829559363,1
CCN1/C(=C\C=C\C=C\C2=[N+](CC)c3ccccc3C2(C)C)C(C)(C)c2c1cccc2C=CC=C1C=C(c2ccccc2)Oc2cc(N(C)C)ccc21,0.8793583474539501,1
CC[N+]1=C(/C=C/C=C/C=C2\N(CCc3ccc([N+](=O)[O-])cc3)c3ccccc3C2(C)C)C(C)(C)c2ccccc21,0.8781138830881482,1
CCN1/C(=C\C=C\C=C\C2=[N+](CCC=CC=C3C=C(c4ccccc4)Oc4cc(N(C)C)ccc43)c3ccccc3C2(C)C)C(C)(C)c2ccccc21,0.8774339159225205,1
CCN1/C(=C\C=C\C=C\C2=[N+](CC)c3cc(C=Cc4ccc(N5c6ccccc6CCc6ccccc65)cc4)ccc3C2(C)C)C(C)(C)c2ccccc21,0.8771819091278324,1
CCN1/C(=C\C=C\C=C\C2=[N+](CC)c3ccccc3C2(C)C)C(C)(CN(C)C)c2ccccc21,0.8770714165235562,1
CC[N+]1=C(C=CC=CC=C2N(CC=CC=CC3=[N+](CC)c4ccccc4C3(C)C)c3ccccc3C2(C)C=CC=CC2=[N+](CC)c3ccccc3C2(C)C)C(C)(C)c2ccccc21,0.87650891565436,1
C#Cc1ccc(CCN2/C(=C\C=C\C=C\C3=[N+](CC)c4ccccc4C3(C)C)C(C)(C)c3ccccc32)cc1,0.8762431673287797,1
CCN1/C(=C\C=C\C=C\C2=[N+](CC)c3ccccc3C2(C)C)C(C)(CC=Cc2c[nH]c3ccccc23)c2ccccc21,0.8762416027010288,1
CCN1/C(=C\C=C\C=C\C2=[N+](CC)c3cc(c4ccc(-c5ccc(N(C)C)cc5)s4)ccc3C2(C)C)C(C)(C)c2ccccc21,0.8759222917584587,1
CCN1/C(=C\C=C\C=C\C2=[N+](CCC=CC=CC=C3C=C(c4ccccc4)Oc4cc(N(C)C)ccc43)c3ccccc3C2(C)C)C(C)(C)c2ccccc21,0.8729792996151441,1
CCN1/C(=C\C=C\C=C\C2=[N+](CC)c3ccccc3C2(C)C)C(C)(C)c2c1cccc2C=Cc1ccc(N2c3ccccc3CCc3ccccc32)cc1,0.8703170271985087,1
CCN1/C(=C\C=C\C=C(\C2=[N+](CC)c3ccccc3C2(C)C)C=CC=CC=C2C=C(c3ccccc3)Oc3cc(N(C)C)ccc32)C(C)(C)c2ccccc21,0.870185746463938,1
CCN1/C(=C\C=C\C=C\C2=[N+](CCC=C3C=Cc4ccccc4N3C)c3ccccc3C2(C)C)C(C)(C)c2ccccc21,0.8697026833931384,1
CCN1/C(=C\C=C\C=C\C2=[N+](C(C)c3ccc(-c4ccc(N(C)C)cc4)s3)c3ccccc3C2(C)C)C(C)(C)c2ccccc21,0.8689580867226676,1
CCN1/C(=C\C=C\C=C\C2=[N+](CC)c3ccc(C=Cc4ccc(N5c6ccccc6CCc6ccccc65)cc4)cc3C2(C)C)C(C)(C)c2ccccc21,0.8651866488475956,1
CC[N+]1=C(/C=C/C=C/C=C2\N(C(C)C=CC=C3N(C)c4ccccc4C3(C)C)c3ccccc3C2(C)C)C(C)(C)c2ccccc21,0.8642780882685159,1
CCN1/C(=C\C=C\C=C\C2=[N+](CC)c3ccccc3C2(C)C)C(C)(C)c2cccc(C=Cc3ccc(N4c5ccccc5CCc5ccccc54)cc3)c21,0.8631182610809972,1
CC[N+]1=C(/C=C/C=C/C=C2\N(CCC=Cc3c[nH]c4ccccc34)c3ccccc3C2(C)C)C(C)(C)c2ccccc21,0.8623112533844245,1
CC[N+]1=C(/C=C/C=C/C=C2\N(CCN(C)C)c3ccccc3C2(C)C)C(C)(C)c2ccccc21,0.8607281887182751,1
CCN1/C(=C\C=C\C=C\C2=[N+](CCC=CC=C3N(C)c4ccccc4C3(C)C)c3ccccc3C2(C)C)C(C)(C)c2ccccc21,0.8588422185663366,1
CCN1/C(=C\C=C\C=C\C2=[N+](CC)c3ccccc3C2(C)C)C(C)(C)c2cccc(C=C3C=Cc4ccccc4N3C)c21,0.8586058689799546,1
CC[N+]1=C(/C=C/C=C/C=C2\N(CCc3ccc(OC)cc3)c3ccccc3C2(C)C)C(C)(C)c2ccccc21,0.8586010989759492,1
CCN1/C(=C\C=C\C=C\C2=[N+](CC)c3ccccc3C2(C)C)C(C)(C)c2ccc(C=Cc3ccc(N4c5ccccc5CCc5ccccc54)cc3)cc21,0.8585359439774038,1
C#Cc1ccc(c2ccc3c(c2)[N+](CC)=C(/C=C/C=C/C=C2\N(CC)c4ccccc4C2(C)C)C3(C)C)cc1,0.8571506629899562,1
CC[N+]1=C(/C=C/C=C/C=C2\N(C(C)C=CC=C3C=Cc4ccccc4N3C)c3ccccc3C2(C)C)C(C)(C)c2ccccc21,0.8568081165873213,1
CCN1/C(=C\C=C\C=C\C2=[N+](CC)c3cc(c4ccc(OC)cc4)ccc3C2(C)C)C(C)(C)c2ccccc21,0.8565887171248305,1
CCN1/C(=C\C(=C\C=C\C2=[N+](CC)c3ccccc3C2(C)C)C=CC=C2N(C)c3ccccc3C2(C)C)C(C)(C)c2ccccc21,0.8556066427884498,1
CCN1/C(=C\C=C\C=C\C2=[N+](CC)c3ccccc3C2(C)CC=C2C=Cc3ccccc3N2C)C(C)(C)c2ccccc21,0.8538339135511351,1
CCN1C(=CCCN2/C(=C\C=C\C=C\C3=[N+](CC)c4ccccc4C3(C)C)C(C)(C)c3ccccc32)Sc2ccccc21,0.8533918149009497,1
CCN1C(=CC=CC=CC2=[N+](CC)c3ccccc3C2(C)C=CC=CC=C2N(CC)c3ccccc3C2(C)C)C(C)(C)c2ccccc21,0.8532615736866842,1
CCN1/C(=C\C=C\C=C(\C2=[N+](CC)c3ccccc3C2(C)C)C=CC=C2C=C(c3ccccc3)Oc3cc(N(C)C)ccc32)C(C)(C)c2ccccc21,0.8509128055030366,1
CCN1C(=CC=CC=CC[N+]2=C(C=CC=CC=C3N(CC)c4ccccc4C3(C)C)C(C)(C=CC=CC=C3N(CC)c4ccccc4C3(C)C)c3ccccc32)C(C)(C)c2ccccc21,0.8502841443237719,1
CCN1C(=CC=CC=CC2=[N+](CC)c3ccccc3C2(C)C)C(C=CC=CC2=[N+](CC)c3ccccc3C2(C)C)(C=CC=CC2=[N+](CC)c3ccccc3C2(C)C)c2ccccc21,0.8479966638102144,1
CCN1/C(=C\C=C\C=C\C2=[N+](CCC=Cc3ccc(OC)cc3OC)c3ccccc3C2(C)C)C(C)(C)c2ccccc21,0.8453217460232006,1
CCN1/C(=C\C=C\C=C\C2=[N+](CC)c3c(cccc3C=Cc3ccc(N4c5ccccc5CCc5ccccc54)cc3)C2(C)C)C(C)(C)c2ccccc21,0.844752943746806,1
CCN1/C(=C\C=C\C=C\C2=[N+](CC)c3cc(c4ccc(N(C)C)cc4)ccc3C2(C)C)C(C)(C)c2ccccc21,0.844231586191737,1
CCN1/C(=C\C=C\C=C(\C2=[N+](CC)c3ccccc3C2(C)C)C=CC=C2C=Cc3ccccc3N2C)C(C)(C)c2ccccc21,0.8441899226380722,1
CCN1/C(=C\C=C\C=C\C2=[N+](CC)c3ccccc3C2(C)Cc2ccc(-c3ccc(N(C)C)cc3)s2)C(C)(C)c2ccccc21,0.8424105661917647,1
CCN1/C(=C\C=C\C=C\C2=[N+](CC)c3ccccc3C2(C)C)C(C)(Cc2ccc(N)cc2)c2ccccc21,0.841870602277878,1
CCN1/C(=C\C(=C\C=C\C2=[N+](CC)c3ccccc3C2(C)C)C=CC=C2C=Cc3ccccc3N2C)C(C)(C)c2ccccc21,0.841836619694683,1
C#Cc1ccc(c2cccc3c2C(C)(C)C(/C=C/C=C/C=C2\N(CC)c4ccccc4C2(C)C)=[N+]3CC)cc1,0.8411172055455318,1
CCN1/C(=C\C=C\C=C(\C2=[N+](CC)c3ccccc3C2(C)C)C=CC=C2N(C)c3ccccc3C2(C)C)C(C)(C)c2ccccc21,0.8400426272659415,1
CCN1C(=CC=CC=CC2=[N+](CC)c3ccccc3C2(C)C)C(C)(C=CC=CC2=[N+](CC)c3ccccc3C2(C)C)c2ccccc21,0.8397046367905941,1
CCN1/C(=C\C=C\C=C\C2=[N+](CC)c3ccccc3C2(C)C)C(C)(CC=CN(C)C)c2ccccc21,0.8384074269796336,1
CCN1/C(=C\C=C\C=C\C2=[N+](CC)c3ccc(C=CC=CC=C4C=C(c5ccccc5)Oc5cc(N(C)C)ccc54)cc3C2(C)C)C(C)(C)c2ccccc21,0.8383672783885228,1
C#Cc1ccc(C(C)N2/C(=C\C=C\C=C\C3=[N+](CC)c4ccccc4C3(C)C)C(C)(C)c3ccccc32)cc1,0.8380186897421859,1
CCN1/C(=C\C=C\C=C\C2=[N+](CC)c3cc(c4ccc([N+](=O)[O-])cc4)ccc3C2(C)C)C(C)(C)c2ccccc21,0.8363278947199813,1
CCN1/C(=C\C=C\C=C\C2=[N+](CC)c3cc(C=CC=CC=C4C=C(c5ccccc5)Oc5cc(N(C)C)ccc54)ccc3C2(C)C)C(C)(C)c2ccccc21,0.835404713432145,1
CCN1/C(=C\C=C\C=C\C2=[N+](CCC=Cc3ccc(N4c5ccccc5CCc5ccccc54)cc3)c3ccccc3C2(C)C)C(C)(C)c2ccccc21,0.8351789396872152,1
CCN1/C(=C\C=C\C=C\C2=[N+](CC)c3cccc(c4ccc(N(C)C)cc4)c3C2(C)C)C(C)(C)c2ccccc21,0.8335962694890948,1
CCN1/C(=C\C=C\C=C\C2=[N+](CC)c3cccc(C=Cc4c[nH]c5ccccc45)c3C2(C)C)C(C)(C)c2ccccc21,0.8333991000686061,1
CC[N+]1=C(/C=C/C=C/C=C2\N(C(C)C=Cc3ccc(N4c5ccccc5CCc5ccccc54)cc3)c3ccccc3C2(C)C)C(C)(C)c2ccccc21,0.8328601901689675,1
CC[N+]1=C(C=CC=CC=C2N(CN3C(=CC=CC=CC4=[N+](CC)c5ccccc5C4(C)C)C(C)(C)c4ccccc43)c3ccccc3C2(C)C)C(C)(C)c2ccccc21,0.8324731523263992,1
CC[N+]1=C(/C=C/C=C/C=C2\N(C(C)C=C3N(C)c4ccccc4C3(C)C)c3ccccc3C2(C)C)C(C)(C)c2ccccc21,0.8320280678443916,1
CC[N+]1=C(/C=C/C=C/C=C2\N(CCO)c3ccccc3C2(C)C)C(C)(C)c2ccccc21,0.8318886237954929,1
CCN1C(=CC=CCCN2/C(=C\C=C\C=C\C3=[N+](CC)c4ccccc4C3(C)C)C(C)(C)c3ccccc32)Sc2ccccc21,0.8315946989588414,1
CC[N+]1=C(C=CC=CC=C2N(CC=CC=CC3=[N+](CC)c4ccccc4C3(C)C)c3ccccc3C2(C)C)C(C)(C)c2ccccc21,0.8315770849650228,1
C#Cc1ccc(CC2(C)C(/C=C/C=C/C=C3\N(CC)c4ccccc4C3(C)C)=[N+](CC)c3ccccc32)cc1,0.8292860842409763,1
CCN1/C(=C\C=C\C=C\C2=[N+](CC)c3ccc(c4ccc(-c5ccc(N(C)C)cc5)s4)cc3C2(C)C)C(C)(C)c2ccccc21,0.8261880682033689,1
C#Cc1ccc(c2cccc3c2C(C)(C)/C(=C/C=C/C=C/C2=[N+](CC)c4ccccc4C2(C)C)N3CC)cc1,0.8242422644977283,1
CCN1/C(=C\C=C\C=C\C2=[N+](CCC=C3N(C)c4ccccc4C3(C)C)c3ccccc3C2(C)C)C(C)(C)c2ccccc21,0.8233158903958907,1
CCN1/C(=C\C=C\C=C\C2=[N+](CC)c3cccc(c4ccc(OC)cc4)c3C2(C)C)C(C)(C)c2ccccc21,0.8231688932383961,1
CC[N+]1=C(C=CC=CC=C2N(CC3=[N+](CC)c4ccccc4C3(C)C)c3ccccc3C2(C)C2=[N+](CC)c3ccccc3C2(C)C)C(C)(C)c2ccccc21,0.8226208134853066,1
CCN1/C(=C\C=C\C=C\C2=[N+](CC)c3ccccc3C2(C)Cc2ccc(OC)cc2)C(C)(C)c2ccccc21,0.8220648830865549,1
CCN1/C(=C\C=C\C=C\C2=[N+](CC)c3ccccc3C2(C)C)C(C)(C)c2c1cccc2C=Cc1ccc(OC)cc1OC,0.8205772987127593,1
CCN1/C(=C\C=C\C=C\C2=[N+](CC)c3ccc(O)cc3C2(C)C)C(C)(C)c2ccccc21,0.820228737853357,1
CC[N+]1=C(/C=C/C=C/C=C2\N(CCC=CCl)c3ccccc3C2(C)C)C(C)(C)c2ccccc21,0.8191489711122955,1
CC[N+]1=C(C=CC=CC=C2N(CC3=[N+](CC)c4ccccc4C3(C)C)c3ccccc3C2(C)C)C(C)(C)c2ccccc21,0.8191287725652423,1
CCN1C(=CC=CC=CC2=[N+](CC)c3ccccc3C2(C=CC=CC=C2N(CC)c3ccccc3C2(C)C)C=CC=CC=C2N(CC)c3ccccc3C2(C)C)C(C)(C)c2ccccc21,0.8184072854509842,1
CC[N+]1=C(/C=C/C=C/C=C2\N(C(C)c3ccc(OC)cc3)c3ccccc3C2(C)C)C(C)(C)c2ccccc21,0.8170243556097113,1
CCN1/C(=C\C=C\C=C\C2=[N+](CC)c3ccccc3C2(C)CC=CC=C2C=C(c3ccccc3)Oc3cc(N(C)C)ccc32)C(C)(C)c2ccccc21,0.8130364855640737,1
C#Cc1ccc(c2cccc3c2[N+](CC)=C(/C=C/C=C/C=C2\N(CC)c4ccccc4C2(C)C)C3(C)C)cc1,0.8121305095797164,1
CCN1/C(=C\C=C\C=C\C2=[N+](CC)c3ccccc3C2(C)C)C(C)(CC=Cc2ccc(N(C)C)cc2)c2ccccc21,0.8118038555734238,1
CCN1/C(=C\C=C\C=C\C2=[N+](CC)c3ccccc3C2(C)CC=CC=CC=C2C=C(c3ccccc3)Oc3cc(N(C)C)ccc32)C(C)(C)c2ccccc21,0.8103246963922399,1
CC[N+]1=C(/C=C/C=C/C=C2\N(CCCl)c3ccccc3C2(C)C)C(C)(C)c2ccccc21,0.8094087924880541,1
CCN1/C(=C\C=C(\C=C\C2=[N+](CC)c3ccccc3C2(C)C)C=CC=CC=C2C=C(c3ccccc3)Oc3cc(N(C)C)ccc32)C(C)(C)c2ccccc21,0.8073144356957178,1
CCN1/C(=C\C=C\C=C\C2=[N+](CC)c3cccc(C=C4C=Cc5ccccc5N4C)c3C2(C)C)C(C)(C)c2ccccc21,0.806339474115143,1
CCN1/C(=C\C=C\C=C\C2=[N+](CCC=Cc3c[nH]c4ccccc34)c3ccccc3C2(C)C)C(C)(C)c2ccccc21,0.8059964396589824,1
CCN1/C(=C\C=C\C=C\C2=[N+](CC)c3c(cccc3C=C3C=Cc4ccccc4N3C)C2(C)C)C(C)(C)c2ccccc21,0.8043455166638118,1
CC[N+]1=C(C=CC=CC=C2N(CC=CC3=[N+](CC)c4ccccc4C3(C)C)c3ccccc3C2(C)C)C(C)(C)c2ccccc21,0.8041888717979438,1
CCN1/C(=C\C=C\C=C\C2=[N+](CC)c3c(cccc3c3ccc(N(C)C)cc3)C2(C)C)C(C)(C)c2ccccc21,0.8030795852365318,1
CCN1/C(=C\C=C\C=C\C2=[N+](CC)c3c(cccc3c3ccc(OC)cc3)C2(C)C)C(C)(C)c2ccccc21,0.8025769730999539,1
CC[N+]1=C(/C=C/C=C/C=C2\N(C(C)C=Cc3ccc(OC)cc3OC)c3ccccc3C2(C)C)C(C)(C)c2ccccc21,0.7990311649174916,1
CCN1/C(=C\C=C\C=C\C2=[N+](CC)c3ccccc3C2(C)C)C(C)(C)c2c1cccc2c1ccc(N(C)C)cc1,0.799001536533455,1
CCN1/C(=C\C=C\C=C(\C2=[N+](CC)c3ccccc3C2(C)C)C=Cc2ccc(N3c4ccccc4CCc4ccccc43)cc2)C(C)(C)c2ccccc21,0.7980371922435406,1
CCN1C(=CC=CC=CC2=[N+](CC)c3ccccc3C2(C=C2N(CC)c3ccccc3C2(C)C)C=C2N(CC)c3ccccc3C2(C)C)C(C)(C)c2ccccc21,0.7971744741635861,1
CC[N+]1=C(/C=C/C=C/C=C2\N(CCc3ccc(N)cc3)c3ccccc3C2(C)C)C(C)(C)c2ccccc21,0.7971014215913951,1
C#Cc1ccc(c2ccc3c(c2)C(C)(C)C(/C=C/C=C/C=C2\N(CC)c4ccccc4C2(C)C)=[N+]3CC)cc1,0.795181440502383,1
CCN1/C(=C\C=C\C=C\C2=[N+](CC)c3cccc(C=CCl)c3C2(C)C)C(C)(C)c2ccccc21,0.7931136964513552,1
CCN1/C(=C\C=C\C=C\C2=[N+](C(C)C=CC=CC=C3C=C(c4ccccc4)Oc4cc(N(C)C)ccc43)c3ccccc3C2(C)C)C(C)(C)c2ccccc21,0.791923981780081,1
CCN1/C(=C\C=C\C=C\C2=[N+](C(C)C=CC=C3C=C(c4ccccc4)Oc4cc(N(C)C)ccc43)c3ccccc3C2(C)C)C(C)(C)c2ccccc21,0.791923981780081,1
CCN1C(=CC=CC=CC2=[N+](CC)c3ccccc3C2(C)C)C(C)(C2=[N+](CC)c3ccccc3C2(C)C)c2ccccc21,0.7906287815132249,1
C#Cc1ccc(CC[N+]2=C(/C=C/C=C/C=C3\N(CC)c4ccccc4C3(C)C)C(C)(C)c3ccccc32)cc1,0.7899375388555149,1
CCN1/C(=C\C=C\C=C\C2=[N+](CC)c3c(cccc3C=Cc3ccc(OC)cc3OC)C2(C)C)C(C)(C)c2ccccc21,0.7873191857030255,1
CCN1/C(=C\C=C\C=C\C2=[N+](CCC=CC=C3C=Cc4ccccc4N3C)c3ccccc3C2(C)C)C(C)(C)c2ccccc21,0.7867530791254728,1
CCN1/C(=C\C=C\C=C\C2=[N+](CC)c3ccc(c4ccc(OC)cc4)cc3C2(C)C)C(C)(C)c2ccccc21,0.7864883246469477,1
CCN1/C(=C\C=C\C=C\C2=[N+](CC)c3ccccc3C2(C)Cc2ccc([N+](=O)[O-])cc2)C(C)(C)c2ccccc21,0.7847249503826307,1
CCN1/C(=C\C=C\C=C\C2=[N+](CCc3ccc(OC)cc3)c3ccccc3C2(C)C)C(C)(C)c2ccccc21,0.784679968605306,1
CCN1/C(=C\C=C\C=C\C2=[N+](CC)c3ccccc3C2(C)Cc2ccc(N(C)C)cc2)C(C)(C)c2ccccc21,0.7844458443039998,1
CCN1/C(=C\C=C\C=C\C2=[N+](CC)c3c(cccc3C=CC=C3C=C(c4ccccc4)Oc4cc(N(C)C)ccc43)C2(C)C)C(C)(C)c2ccccc21,0.7842445074405231,1
CCN1/C(=C\C=C\C=C\C2=[N+](CC)c3ccccc3C2(C)C)C(C)(C)c2cccc(C=CC=C3C=C(c4ccccc4)Oc4cc(N(C)C)ccc43)c21,0.7839276623773911,1
CCN1/C(=C\C=C\C=C\C2=[N+](CC)c3cc(c4ccc(N)cc4)ccc3C2(C)C)C(C)(C)c2ccccc21,0.7834664610207629,1
CC[N+]1=C(/C=C/C=C/C=C2\N(C(C)C=Cc3c[nH]c4ccccc34)c3ccccc3C2(C)C)C(C)(C)c2ccccc21,0.7811378440327923,1
CCN1/C(=C\C=C\C=C\C2=[N+](CC)c3ccccc3C2(C)C)C(C)(C)c2c1cccc2c1ccc([N+](=O)[O-])cc1,0.7805120925516184,1
CCN1/C(=C\C=C\C=C\C2=[N+](CC)c3ccccc3C2(C)C)C(C)(C)c2ccc(c3ccc(-c4ccc(N(C)C)cc4)s3)cc21,0.7794720532834046,1
CCN1/C(=C\C=C\C=C\C2=[N+](CC)c3cccc(c4ccc([N+](=O)[O-])cc4)c3C2(C)C)C(C)(C)c2ccccc21,0.7794125562337975,1
CC[N+]1=C(/C=C/C=C/C=C2\N(C(C)c3ccc([N+](=O)[O-])cc3)c3ccccc3C2(C)C)C(C)(C)c2ccccc21,0.778344384188435,1
CC[N+]1=C(/C=C/C=C/C=C2\N(C(C)O)c3ccccc3C2(C)C)C(C)(C)c2ccccc21,0.7765897767152066,1
CC[N+]1=C(/C=C/C=C/C=C2\N(C(C)c3ccc(N(C)C)cc3)c3ccccc3C2(C)C)C(C)(C)c2ccccc21,0.7764928231336901,1
CCN1/C(=C\C=C\C=C\C2=[N+](CC)c3ccccc3C2(C)C)C(C)(C)c2c1cccc2C=C1C=Cc2ccccc2N1C,0.775430620597622,1
CCN1/C(=C\C=C\C=C\C2=[N+](CC)c3ccccc3C2(C)C)C(C)(C)c2c1cccc2c1ccc(OC)cc1,0.7750778451372919,1
CC[N+]1=C(C=CC=CC=C2N(CC=CC3=[N+](CC)c4ccccc4C3(C)C)c3ccccc3C2(C)C=CC2=[N+](CC)c3ccccc3C2(C)C)C(C)(C)c2ccccc21,0.7747351139222863,1
CCN1C(=CC=CC=CC2=[N+](CC)c3ccccc3C2(C)C=CC=C2N(CC)c3ccccc3C2(C)C)C(C)(C)c2ccccc21,0.7735298077679773,1
CCN1/C(=C\C=C\C=C\C2=[N+](CC)c3cc(N(C)C)ccc3C2(C)C)C(C)(C)c2ccccc21,0.7725297450261618,1
CCN1/C(=C\C=C\C=C\C2=[N+](CC)c3ccccc3C2(C)C)C(C)(C)c2cc(C=CC=CC=C3C=C(c4ccccc4)Oc4cc(N(C)C)ccc43)ccc21,0.7724732490033286,1
CCN1/C(=C\C=C(\C=C\C2=[N+](CC)c3ccccc3C2(C)C)C=CC=C2N(C)c3ccccc3C2(C)C)C(C)(C)c2ccccc21,0.7717189841132245,1
CCN1/C(=C\C=C\C=C\C2=[N+](CC)c3c(cccc3C=Cc3c[nH]c4ccccc34)C2(C)C)C(C)(C)c2ccccc21,0.7716375300110869,1
CCN1/C(=C\C=C\C=C\C2=[N+](CC)c3c(cccc3c3ccc([N+](=O)[O-])cc3)C2(C)C)C(C)(C)c2ccccc21,0.7711393715079424,1
CCN1/C(=C\C=C\C=C\C2=[N+](CC)c3ccccc3C2(C)C)C(C)(C)c2ccc(C=CC=CC=C3C=C(c4ccccc4)Oc4cc(N(C)C)ccc43)cc21,0.769787728517694,1
CCN1/C(=C\C=C\C=C\C2=[N+](CC)c3cccc(c4ccc(N)cc4)c3C2(C)C)C(C)(C)c2ccccc21,0.7682639224722175,1
CCN1/C(=C\C=C\C=C\C2=[N+](CC)c3ccc(c4ccc(N(C)C)cc4)cc3C2(C)C)C(C)(C)c2ccccc21,0.7674676020587664,1
CCN1/C(=C\C=C\C=C\C2=[N+](CC)c3ccccc3C2(C)C)C(C)(C)c2ccc(O)cc21,0.7634587751155881,1
CCN1/C(=C\C=C\C=C\C2=[N+](CC)c3ccc(c4ccc([N+](=O)[O-])cc4)cc3C2(C)C)C(C)(C)c2ccccc21,0.7625035621914205,1
CCN1/C(=C\C=C\C=C(\C2=[N+](CC)c3ccccc3C2(C)C)C=Cc2ccc(OC)cc2OC)C(C)(C)c2ccccc21,0.7608491839271898,1
CCN1C(=CC=CC=CC[N+]2=C(C=CC=CC=C3N(CC)c4ccccc4C3(C)C)C(C)(C)c3ccccc32)C(C)(C)c2ccccc21,0.7604403913117652,1
CCN1/C(=C\C=C\C=C\C2=[N+](CC)c3ccccc3C2(C)CN(C)C)C(C)(C)c2ccccc21,0.7595962352157332,1
CCN1/C(=C\C=C\C(=C\C2=[N+](CC)c3ccccc3C2(C)C)C=CC=CC=C2C=C(c3ccccc3)Oc3cc(N(C)C)ccc32)C(C)(C)c2ccccc21,0.7589607123999031,1
CCN1/C(=C\C=C(\C=C\C2=[N+](CC)c3ccccc3C2(C)C)C=CC=C2C=Cc3ccccc3N2C)C(C)(C)c2ccccc21,0.7568324540232916,1
CCN1/C(=C\C=C\C=C\C2=[N+](CC)c3ccccc3C2(C)C)C(C)(C)c2cccc(C=C3N(C)c4ccccc4C3(C)C)c21,0.7540830194718511,1
CCN1/C(=C\C=C\C=C\C2=[N+](CC)c3ccc(N(C)C)cc3C2(C)C)C(C)(C)c2ccccc21,0.7533021833805315,1
CCN1C(=CC(C)N2/C(=C\C=C\C=C\C3=[N+](CC)c4ccccc4C3(C)C)C(C)(C)c3ccccc32)Sc2ccccc21,0.7531558482420064,1
CCN1/C(=C\C=C\C=C\C2=[N+](CC)c3ccccc3C2(C)C)C(C)(C)c2c1cccc2c1ccc(N)cc1,0.75204967946457,1
CCN1C(=CC=CC=CC2=[N+](CC)c3ccccc3C2(C)C)C(C)(C=CC2=[N+](CC)c3ccccc3C2(C)C)c2ccccc21,0.7505531815725868,1
CC[N+]1=C(/C=C/C=C/C=C2\N(C(C)c3ccc(N)cc3)c3ccccc3C2(C)C)C(C)(C)c2ccccc21,0.748996285317082,1
CCN1/C(=C\C=C\C=C\C2=[N+](CC)c3ccccc3C2(C)CC=CC=C2C=Cc3ccccc3N2C)C(C)(C)c2ccccc21,0.7480964268893121,1
CCN1/C(=C\C=C\C=C\C2=[N+](CC)c3ccccc3C2(C)CO)C(C)(C)c2ccccc21,0.747834984688635,1
CCN1C(=CC=CC=CC2=[N+](CC)c3ccccc3C2(C)C)C(C=CC2=[N+](CC)c3ccccc3C2(C)C)(C=CC2=[N+](CC)c3ccccc3C2(C)C)c2ccccc21,0.7475285729456115,1
C#Cc1ccc(c2ccc3c(c2)C(C)(C)/C(=C/C=C/C=C/C2=[N+](CC)c4ccccc4C2(C)C)N3CC)cc1,0.7471190743258226,1
CCN1/C(=C\C=C\C=C(\C2=[N+](CC)c3ccccc3C2(C)C)C=Cc2c[nH]c3ccccc23)C(C)(C)c2ccccc21,0.7456776721735361,1
CCN1C(=CC=CC=CC2=[N+](CC=CC=C3N(CC)c4ccccc4C3(C)C)c3ccccc3C2(C)C=CC=C2N(CC)c3ccccc3C2(C)C)C(C)(C)c2ccccc21,0.7452022682936801,1
CCN1/C(=C\C=C(\C=C\C2=[N+](CC)c3ccccc3C2(C)C)C=CC=C2C=C(c3ccccc3)Oc3cc(N(C)C)ccc32)C(C)(C)c2ccccc21,0.745075023870413,1
CCN1/C(=C\C=C\C=C\C2=[N+](CC)c3c(cccc3c3ccc(N)cc3)C2(C)C)C(C)(C)c2ccccc21,0.7442400370100435,1
CCN1/C(=C\C=C\C=C\C2=[N+](CC)c3ccccc3C2(C)C)C(C)(C)c2cc(c3ccc(-c4ccc(N(C)C)cc4)s3)ccc21,0.7438865595603654,1
CCN1/C(=C\C=C\C=C\C2=[N+](CC)c3ccccc3C2(C)C)C(C)(C)c2cccc(C=Cc3ccc(OC)cc3OC)c21,0.7414362995787938,1
CC[N+]1=C(/C=C/C=C/C=C2\N(CCC=Cc3ccc(N(C)C)cc3)c3ccccc3C2(C)C)C(C)(C)c2ccccc21,0.7399494334648268,1
CCN1C(=CC=CC=CC2=[N+](CC)c3ccccc3C2(C)C=C2N(CC)c3ccccc3C2(C)C)C(C)(C)c2ccccc21,0.7392765328941538,1
CCN1/C(=C\C=C\C=C\C2=[N+](CCc3ccc([N+](=O)[O-])cc3)c3ccccc3C2(C)C)C(C)(C)c2ccccc21,0.7392068783441611,1
CCN1C(=CC=CC=CC2=[N+](CC=CC=C3N(CC)c4ccccc4C3(C)C)c3ccccc3C2(C)C)C(C)(C)c2ccccc21,0.7390546359877922,1
CCN1/C(=C\C=C\C=C\C2=[N+](CC)c3ccccc3C2(C)C)C(C)(C)c2c1cccc2C=Cc1c[nH]c2ccccc12,0.7389000946605008,1
CCN1/C(=C\C=C\C=C\C2=[N+](CC)c3ccccc3C2(C)C)C(C)(C)c2cc(c3ccc(OC)cc3)ccc21,0.7365651476670527,1
CCN1/C(=C\C=C\C=C\C2=[N+](CC)c3ccccc3C2(C)Cc2ccc(N)cc2)C(C)(C)c2ccccc21,0.7359742167473138,1
CCN1/C(=C\C=C\C=C\C2=[N+](CCc3ccc(-c4ccc(N(C)C)cc4)s3)c3ccccc3C2(C)C)C(C)(C)c2ccccc21,0.7358975730635116,1
CCN1/C(=C\C=C\C=C\C2=[N+](CC)c3cccc(C=Cc4ccc(N(C)C)cc4)c3C2(C)C)C(C)(C)c2ccccc21,0.735862980724499,1
CCN1/C(=C\C=C\C=C\C2=[N+](CC)c3cc(O)ccc3C2(C)C)C(C)(C)c2ccccc21,0.7339642355538084,1
CCN1/C(=C\C=C\C=C\C2=[N+](CCc3ccc(N(C)C)cc3)c3ccccc3C2(C)C)C(C)(C)c2ccccc21,0.73331169725641,1
CCN1/C(=C\C=C\C=C\C2=[N+](CC)c3ccccc3C2(C)C)C(C)(C)c2c1cccc2C=CCl,0.7323636624324193,1
CCN1/C(=C\C=C\C=C\C2=[N+](CC)c3ccccc3C2(C)C)C(C)(C)c2cc(c3ccc(N(C)C)cc3)ccc21,0.7293199902030146,1
CCN1/C(=C\C=C\C=C\C2=[N+](CC)c3cccc(c4ccc(-c5ccc(N(C)C)cc5)s4)c3C2(C)C)C(C)(C)c2ccccc21,0.727139559611963,1
CCN1C(=CCC[N+]2=C(/C=C/C=C/C=C3\N(CC)c4ccccc4C3(C)C)C(C)(C)c3ccccc32)Sc2ccccc21,0.7255568266779394,1
CC[N+]1=C(/C=C/C=C/C=C2\N(CCC=CN(C)C)c3ccccc3C2(C)C)C(C)(C)c2ccccc21,0.7194565136875072,1
CC[N+]1=C(/C=C/C=C/C=C2\N(C(C)Cl)c3ccccc3C2(C)C)C(C)(C)c2ccccc21,0.7168771549024591,1
CCN1/C(=C\C=C\C=C\C2=[N+](C(C)C=Cc3ccc(N4c5ccccc5CCc5ccccc54)cc3)c3ccccc3C2(C)C)C(C)(C)c2ccccc21,0.7144991656402536,1
CCN1/C(=C\C=C\C=C\C2=[N+](CC)c3cccc(C=CN(C)C)c3C2(C)C)C(C)(C)c2ccccc21,0.7123983716933346,1
CCN1/C(=C\C=C\C=C\C2=[N+](CC)c3ccc(c4ccc(N)cc4)cc3C2(C)C)C(C)(C)c2ccccc21,0.7095001938778287,1
CCN1/C(=C\C=C\C=C\C2=[N+](CCC=CCl)c3ccccc3C2(C)C)C(C)(C)c2ccccc21,0.699468623823019,1
CC[N+]1=C(/C=C/C=C/C=C2\N(C(C)N(C)C)c3ccccc3C2(C)C)C(C)(C)c2ccccc21,0.6992952673116655,1
CCN1C(=CC=CC=CC2=[N+](CC)c3ccccc3C2(C=CC=C2N(CC)c3ccccc3C2(C)C)C=CC=C2N(CC)c3ccccc3C2(C)C)C(C)(C)c2ccccc21,0.6987948847569544,1
C#Cc1ccc(c2ccc3c(c2)N(CC)/C(=C\C=C\C=C\C2=[N+](CC)c4ccccc4C2(C)C)C3(C)C)cc1,0.6961799244803525,1
CCN1/C(=C\C=C\C=C\C2=[N+](CC)c3ccccc3C2(C)C)C(C)(C)c2cc(c3ccc([N+](=O)[O-])cc3)ccc21,0.695194467735384,1
CCN1/C(=C\C=C\C=C\C2=[N+](CC)c3ccccc3C2(C)C)C(C)(C)c2c1cccc2c1ccc(-c2ccc(N(C)C)cc2)s1,0.6943141838061284,1
CCN1C(=CC=CC(C)N2/C(=C\C=C\C=C\C3=[N+](CC)c4ccccc4C3(C)C)C(C)(C)c3ccccc32)Sc2ccccc21,0.6942994111856474,1
CCN1/C(=C\C=C\C=C\C2=[N+](CC)c3ccc(C=C4C=Cc5ccccc5N4C)cc3C2(C)C)C(C)(C)c2ccccc21,0.6925711104571834,1
CCN1/C(=C\C=C\C=C\C2=[N+](CC)c3ccccc3C2(C)C)C(C)(C)c2cc(O)ccc21,0.6911149174865181,1
CCN1/C(=C\C=C\C=C\C2=[N+](CC)c3ccccc3C2(C)CC=Cc2ccc(N3c4ccccc4CCc4ccccc43)cc2)C(C)(C)c2ccccc21,0.6846427688411597,1
CCN1/C(=C\C=C\C=C\C2=[N+](CCc3ccc(N)cc3)c3ccccc3C2(C)C)C(C)(C)c2ccccc21,0.6845243663825014,1
CCN1/C(=C\C=C\C=C\C2=[N+](CC)c3cc(C=Cc4ccc(N(C)C)cc4)ccc3C2(C)C)C(C)(C)c2ccccc21,0.6830595195247503,1
CCN1/C(=C\C=C\C=C\C2=[N+](CC)c3ccccc3C2(C)C)C(C)(C)c2ccc(c3ccc(OC)cc3)cc21,0.6814494062996935,1
CCN1/C(=C\C=C\C=C\C2=[N+](CC)c3ccccc3C2(C)C)C(C)(C)c2cc(C=C3C=Cc4ccccc4N3C)ccc21,0.680850365256738,1
CCN1C(=CC=CC=CC2=[N+](CC=C3N(CC)c4ccccc4C3(C)C)c3ccccc3C2(C)C)C(C)(C)c2ccccc21,0.6752082900502784,1
CCN1/C(=C\C=C\C=C\C2=[N+](C(C)C=C3C=Cc4ccccc4N3C)c3ccccc3C2(C)C)C(C)(C)c2ccccc21,0.6731605589249645,1
CCN1/C(=C\C=C\C=C\C2=[N+](CC)c3ccccc3C2(C)CCl)C(C)(C)c2ccccc21,0.6683302337210275,1
CC[N+]1=C(/C=C/C=C/C=C2\N(C(C)C=CCl)c3ccccc3C2(C)C)C(C)(C)c2ccccc21,0.667510207749231,1
C#Cc1ccc(c2cccc3c2N(CC)/C(=C\C=C\C=C\C2=[N+](CC)c4ccccc4C2(C)C)C3(C)C)cc1,0.6667581588167893,1
CCN1/C(=C\C=C\C=C\C2=[N+](CC)c3ccc(C=Cc4ccc(N(C)C)cc4)cc3C2(C)C)C(C)(C)c2ccccc21,0.6647152495976457,1
CCN1/C(=C\C=C\C=C\C2=[N+](CC)c3cc(Cl)ccc3C2(C)C)C(C)(C)c2ccccc21,0.6624988654427847,1
CCN1/C(=C\C=C\C=C\C2=[N+](CC)c3c(cccc3C=Cc3ccc(N(C)C)cc3)C2(C)C)C(C)(C)c2ccccc21,0.6603684765998857,1
CCN1C(=CC=CC=CC2=[N+](CC=C3N(CC)c4ccccc4C3(C)C)c3ccccc3C2(C)C=C2N(CC)c3ccccc3C2(C)C)C(C)(C)c2ccccc21,0.6574495694422764,1
CCN1/C(=C\C=C\C=C\C2=[N+](CC)c3ccccc3C2(C)C)C(C)(C)c2ccc(C=C3C=Cc4ccccc4N3C)cc21,0.6570211303548753,1
CCN1/C(=C\C=C\C=C\C2=[N+](CC)c3cc(C=C4C=Cc5ccccc5N4C)ccc3C2(C)C)C(C)(C)c2ccccc21,0.6553897060877505,1
CCN1/C(=C\C=C\C=C\C2=[N+](CC)c3ccccc3C2(C)C)C(C)(C)c2cc(c3ccc(N)cc3)ccc21,0.6516045905455347,1
CCN1/C(=C\C=C\C=C\C2=[N+](CC)c3ccccc3C2(C)C)C(C)(C)c2c1cccc2C=C1N(C)c2ccccc2C1(C)C,0.6510707736592566,1
CCN1/C(=C\C=C\C=C\C2=[N+](CC)c3ccc(C=Cc4ccc(OC)cc4OC)cc3C2(C)C)C(C)(C)c2ccccc21,0.6509200024084877,1
CCN1/C(=C\C=C\C=C\C2=[N+](CC)c3ccccc3C2(C)C)C(C)(C)c2c1cccc2C=CN(C)C,0.6507680454054726,1
CCN1/C(=C\C=C\C=C\C2=[N+](CC)c3ccccc3C2(C)C)C(C)(C)c2cccc(O)c21,0.6500031850338452,1
CCN1/C(=C\C=C\C=C\C2=[N+](CC)c3cccc(C=C4N(C)c5ccccc5C4(C)C)c3C2(C)C)C(C)(C)c2ccccc21,0.6491730364605753,1
CCN1C(=CC=CC=CC2=[N+](C[N+]3=C(C=CC=CC=C4N(CC)c5ccccc5C4(C)C)C(C)(C)c4ccccc43)c3ccccc3C2(C)C)C(C)(C)c2ccccc21,0.6489707914493719,1
CCN1/C(=C\C=C\C=C\C2=[N+](CC)c3ccccc3C2(C)C)C(C)(C)c2c1cccc2C=Cc1ccc(N(C)C)cc1,0.6485308566471931,1
CCN1/C(=C\C=C\C=C\C2=[N+](CC)c3ccccc3C2(C)CC=Cc2ccc(OC)cc2OC)C(C)(C)c2ccccc21,0.6470830647086436,1
CCN1/C(=C\C=C\C=C\C2=[N+](CC)c3ccccc3C2(C)C)C(C)(C)c2ccc(N(C)C)cc21,0.646467411308669,1
CCN1/C(=C\C=C\C=C\C2=[N+](CC)c3ccccc3C2(C)C)C(C)(C)c2ccc(c3ccc(N(C)C)cc3)cc21,0.6458173596706699,1
CCN1/C(=C\C=C\C=C\C2=[N+](C(C)c3ccc(OC)cc3)c3ccccc3C2(C)C)C(C)(C)c2ccccc21,0.6438764380354431,1
CCN1/C(=C\C=C\C=C\C2=[N+](CC)c3ccc(Cl)cc3C2(C)C)C(C)(C)c2ccccc21,0.6437539297924016,1
CCCCCCCCC1(CCCCCCCC)c2ccccc2-c2ccc(C=CN3C(=CC=CC=CC4=[N+](CC)c5ccccc5C4(C)C)C(C=Cc4ccc5c(c4)C(CCCCCCCC)(CCCCCCCC)c4ccccc4-5)(C=Cc4ccc5c(c4)C(CCCCCCCC)(CCCCCCCC)c4ccccc4-5)c4ccccc43)cc21,0.6425006594460387,1
CCN1C(=CC=CCC[N+]2=C(/C=C/C=C/C=C3\N(CC)c4ccccc4C3(C)C)C(C)(C)c3ccccc32)Sc2ccccc21,0.6407865832754857,1
CCN1/C(=C\C=C\C=C\C2=[N+](CC)c3ccccc3C2(C)CC=Cc2c[nH]c3ccccc23)C(C)(C)c2ccccc21,0.6398301745447335,1
CCN1/C(=C\C=C\C=C\C2=[N+](CC)c3ccccc3C2(C)C)C(C)(C)c2ccc(c3ccc([N+](=O)[O-])cc3)cc21,0.6323185587613517,1
CCN1/C(=C\C=C\C=C\C2=[N+](CC)c3ccccc3C2(C)CC=CC=C2N(C)c3ccccc3C2(C)C)C(C)(C)c2ccccc21,0.6321705674798931,1
CCN1C(=Cc2cccc3c2N(CC)/C(=C\C=C\C=C\C2=[N+](CC)c4ccccc4C2(C)C)C3(C)C)Sc2ccccc21,0.6273538275723363,1
CCN1/C(=C\C=C\C=C\C2=[N+](CC)c3ccccc3C2(C)C)C(C)(C)c2cccc(c3ccc(OC)cc3)c21,0.6270741241609957,1
CCN1/C(=C\C=C\C=C\C2=[N+](C(C)C=CC=C3N(C)c4ccccc4C3(C)C)c3ccccc3C2(C)C)C(C)(C)c2ccccc21,0.6242531926528423,1
CCN1/C(=C\C=C\C=C\C2=[N+](CC)c3ccccc3C2(C)C)C(C)(C)c2cc(N(C)C)ccc21,0.6212433347707064,1
CCN1/C(=C\C=C\C=C\C2=[N+](CC)c3ccccc3C2(C)C)C(C)(C)c2cccc(c3ccc(N(C)C)cc3)c21,0.6202614245455526,1
CCN1/C(=C\C=C\C=C\C2=[N+](C(C)C=C3N(C)c4ccccc4C3(C)C)c3ccccc3C2(C)C)C(C)(C)c2ccccc21,0.6165753878554703,1
CCN1/C(=C\C=C\C=C\C2=[N+](CC)c3c(cccc3C=CCl)C2(C)C)C(C)(C)c2ccccc21,0.6146522304780228,1
CCN1/C(=C\C=C\C=C\C2=[N+](CC)c3ccccc3C2(C)C)C(C)(C)c2cccc(C=Cc3c[nH]c4ccccc34)c21,0.607752593559933,1
CCN1/C(=C\C=C\C=C(\C2=[N+](CC)c3ccccc3C2(C)C)C=Cc2ccc(N(C)C)cc2)C(C)(C)c2ccccc21,0.6058357816063947,1
CCN1/C(=C\C=C\C=C\C2=[N+](CC)c3cc(C=Cc4ccc(OC)cc4OC)ccc3C2(C)C)C(C)(C)c2ccccc21,0.6025840701621435,1
CCN1/C(=C\C=C\C=C\C2=[N+](CC)c3c(cccc3C=C3N(C)c4ccccc4C3(C)C)C2(C)C)C(C)(C)c2ccccc21,0.6000965580099414,1
CCN1C(=CC=CC(/C=C/C=C/C2=[N+](CC)c3ccccc3C2(C)C)=C2/N(CC)c3ccccc3C2(C)C)Sc2ccccc21,0.5910014186122265,1
CCN1/C(=C\C=C\C=C\C2=[N+](C(C)C=Cc3ccc(OC)cc3OC)c3ccccc3C2(C)C)C(C)(C)c2ccccc21,0.5903989375163222,1
CCN1/C(=C\C=C\C=C\C2=[N+](CC)c3c(cccc3Cl)C2(C)C)C(C)(C)c2ccccc21,0.5903264063500453,1
CC[N+]1=C(/C=C/C=C/C=C2\N(C(C)C=Cc3ccc(N(C)C)cc3)c3ccccc3C2(C)C)C(C)(C)c2ccccc21,0.5899881171675179,1
CCN1/C(=C\C=C\C=C\C2=[N+](CC)c3ccccc3C2(C)C)C(C)(C)c2cc(C=Cc3ccc(N(C)C)cc3)ccc21,0.5897091658180478,1
CCN1/C(=C\C=C\C=C\C2=[N+](CC)c3ccccc3C2(C)C)C(C)(C)c2cccc(C=CCl)c21,0.5884065016728808,1
CCCCCCCCC1(CCCCCCCC)c2ccccc2-c2ccc(C=CN3C(=CC=CC=CC4=[N+](CC)c5ccccc5C4(C)C=Cc4ccc5c(c4)C(CCCCCCCC)(CCCCCCCC)c4ccccc4-5)C(C)(C=Cc4ccc5c(c4)C(CCCCCCCC)(CCCCCCCC)c4ccccc4-5)c4ccccc43)cc21,0.5845997593319906,1
CCN1/C(=C\C=C\C=C\C2=[N+](CC)c3ccccc3C2(C)C)C(C)(C)c2ccc(c3ccc(N)cc3)cc21,0.5791734911252543,1
CCN1/C(=C\C=C\C=C\C2=[N+](CC)c3ccccc3C2(C)C)C(C)(C)c2cccc(c3ccc([N+](=O)[O-])cc3)c21,0.5743390189335046,1
CCCCCCCCC1(CCCCCCCC)c2ccccc2-c2ccc(C=CN3C(=CC=CC=CC4=[N+](CC)c5ccccc5C4(C)C)C(C)(C=CC=CC4=[N+](CC)c5ccccc5C4(C)C)c4ccccc43)cc21,0.5677032201109247,1
C#Cc1ccc(C(C)[N+]2=C(/C=C/C=C/C=C3\N(CC)c4ccccc4C3(C)C)C(C)(C)c3ccccc32)cc1,0.5615361071441303,1
CCN1/C(=C\C=C\C=C\C2=[N+](C(C)c3ccc(N(C)C)cc3)c3ccccc3C2(C)C)C(C)(C)c2ccccc21,0.5606688956799754,1
CCN1/C(=C\C=C\C=C\C2=[N+](CC)c3ccccc3C2(C)C)C(C)(C)c2ccc(C=Cc3ccc(N(C)C)cc3)cc21,0.5591244872430021,1
CCN1/C(=C\C=C\C=C\C2=[N+](CC)c3cccc(Cl)c3C2(C)C)C(C)(C)c2ccccc21,0.5575322410623974,1
CCN1/C(=C\C=C\C=C\C2=[N+](CC)c3ccccc3C2(C)C)C(C)(C)c2cccc(c3ccc(N)cc3)c21,0.5521259143408375,1
CCN1/C(=C\C=C\C=C\C2=[N+](CC)c3ccccc3C2(C)CC=C2N(C)c3ccccc3C2(C)C)C(C)(C)c2ccccc21,0.5500402458212941,1
CCN1/C(=C\C=C\C=C\C2=[N+](CC)c3ccc(C=C4N(C)c5ccccc5C4(C)C)cc3C2(C)C)C(C)(C)c2ccccc21,0.5492449956534188,1
CCN1/C(=C\C=C\C=C\C2=[N+](CCC=CN(C)C)c3ccccc3C2(C)C)C(C)(C)c2ccccc21,0.5473963785059226,1
CCN1/C(=C\C=C\C=C\C2=[N+](CC)c3ccccc3C2(C)C)C(C)(C)c2cc(C=C3N(C)c4ccccc4C3(C)C)ccc21,0.5467172343356232,1
CCN1/C(=C\C=C\C(=C\C2=[N+](CC)c3ccccc3C2(C)C)C=Cc2ccc(N3c4ccccc4CCc4ccccc43)cc2)C(C)(C)c2ccccc21,0.5451656006573257,1
CCN1/C(=C\C=C\C=C\C2=[N+](CC)c3ccc(C=CC=C4C=C(c5ccccc5)Oc5cc(N(C)C)ccc54)cc3C2(C)C)C(C)(C)c2ccccc21,0.5449377969171192,1
CCN1/C(=C\C=C\C=C\C2=[N+](CC)c3ccc(C=Cc4c[nH]c5ccccc45)cc3C2(C)C)C(C)(C)c2ccccc21,0.5437833931611885,1
CCN1/C(=C\C=C\C=C\C2=[N+](C(C)C=Cc3c[nH]c4ccccc34)c3ccccc3C2(C)C)C(C)(C)c2ccccc21,0.5360923933000801,1
CCN1/C(=C\C=C\C=C\C2=[N+](CC)c3cc(C=Cc4c[nH]c5ccccc45)ccc3C2(C)C)C(C)(C)c2ccccc21,0.5354408404953295,1
CCN1C(=Cc2cccc3c2C(C)(C)C(/C=C/C=C/C=C2\N(CC)c4ccccc4C2(C)C)=[N+]3CC)Sc2ccccc21,0.5294852070317613,1
CCN1/C(=C\C=C\C=C(\C2=[N+](CC)c3ccccc3C2(C)C)C=C2C=Cc3ccccc3N2C)C(C)(C)c2ccccc21,0.5280769551702621,1
CCCCCCCCC1(CCCCCCCC)c2ccccc2-c2ccc(C=CN3C(=CC=CC=CC4=[N+](CC)c5ccccc5C4(C)C)C(C)(C=Cc4ccc5c(c4)C(CCCCCCCC)(CCCCCCCC)c4ccccc4-5)c4ccccc43)cc21,0.5246081707675968,1
CCN1/C(=C\C=C\C=C\C2=[N+](CC)c3ccc(C=CCl)cc3C2(C)C)C(C)(C)c2ccccc21,0.5242256374231394,1
CCN1C(=Cc2ccc3c(c2)[N+](CC)=C(/C=C/C=C/C=C2\N(CC)c4ccccc4C2(C)C)C3(C)C)Sc2ccccc21,0.5214846569103742,1
CCCCCCCCC1(CCCCCCCC)c2ccccc2-c2ccc(C=CN3C(=CC=CC=CC4=[N+](CC)c5ccccc5C4(C)C=Cc4ccc5c(c4)C(CCCCCCCC)(CCCCCCCC)c4ccccc4-5)C(C)(C)c4ccccc43)cc21,0.5202613780118819,1
CCCCCCCCC1(CCCCCCCC)c2ccccc2-c2ccc(C=CC[N+]3=C(C=CC=CC=C4N(C=Cc5ccc6c(c5)C(CCCCCCCC)(CCCCCCCC)c5ccccc5-6)c5ccccc5C4(C)C=Cc4ccc5c(c4)C(CCCCCCCC)(CCCCCCCC)c4ccccc4-5)C(C)(C)c4ccccc43)cc21,0.5196079850269552,1
CCN1C(=Cc2ccc3c(c2)N(CC)/C(=C\C=C\C=C\C2=[N+](CC)c4ccccc4C2(C)C)C3(C)C)Sc2ccccc21,0.5132606625833417,1
CCN1/C(=C\C=C\C=C\C2=[N+](CC)c3cc(C=CC=C4C=C(c5ccccc5)Oc5cc(N(C)C)ccc54)ccc3C2(C)C)C(C)(C)c2ccccc21,0.5056167001619415,1
CCN1/C(=C\C=C\C=C\C2=[N+](CC)c3ccccc3C2(C)C)C(C)(C)c2ccc(C=C3N(C)c4ccccc4C3(C)C)cc21,0.49780702610388283,0
CCCCCCCCC1(CCCCCCCC)c2ccccc2-c2ccc(C=CC[N+]3=C(C=CC=CC=C4N(C=Cc5ccc6c(c5)C(CCCCCCCC)(CCCCCCCC)c5ccccc5-6)c5ccccc5C4(C)C)C(C)(C=Cc4ccc5c(c4)C(CCCCCCCC)(CCCCCCCC)c4ccccc4-5)c4ccccc43)cc21,0.4913444970010749,0
CCN1/C(=C\C=C\C=C\C2=[N+](CC)c3ccccc3C2(C)CC=CCl)C(C)(C)c2ccccc21,0.48901667819279104,0
CCN1/C(=C\C=C\C=C\C2=[N+](CC)c3cc(C=C4N(C)c5ccccc5C4(C)C)ccc3C2(C)C)C(C)(C)c2ccccc21,0.487300925350872,0
CCN1C(=Cc2cccc3c2[N+](CC)=C(/C=C/C=C/C=C2\N(CC)c4ccccc4C2(C)C)C3(C)C)Sc2ccccc21,0.48667603503278867,0
CCN1/C(=C\C=C\C=C\C2=[N+](C(C)c3ccc(N)cc3)c3ccccc3C2(C)C)C(C)(C)c2ccccc21,0.48206567405619427,0
CCN1/C(=C\C=C\C=C\C2=[N+](CC)c3ccccc3C2(C)C)C(C)(C)c2c1cccc2Cl,0.4808748250514015,0
CCN1/C(=C\C=C\C=C\C2=[N+](CCC=Cc3ccc(N(C)C)cc3)c3ccccc3C2(C)C)C(C)(C)c2ccccc21,0.4797324107261077,0
CCN1/C(=C\C=C\C=C\C2=[N+](CCCl)c3ccccc3C2(C)C)C(C)(C)c2ccccc21,0.47971626922697297,0
CCN1C(=CC=CC=CC2=[N+](CC)c3ccccc3C2(C)C)C(C2=[N+](CC)c3ccccc3C2(C)C)(C2=[N+](CC)c3ccccc3C2(C)C)c2ccccc21,0.4767227065981302,0
CC[N+]1=C(/C=C/C=C/C=C2\N(C(C)C=CN(C)C)c3ccccc3C2(C)C)C(C)(C)c2ccccc21,0.47412988963030694,0
CCN1C(=CC(C)[N+]2=C(/C=C/C=C/C=C3\N(CC)c4ccccc4C3(C)C)C(C)(C)c3ccccc32)Sc2ccccc21,0.4740033620416379,0
CCCCCCCCC1(CCCCCCCC)c2ccccc2-c2ccc(C=CN3C(=CC=CC=CC4=[N+](CC)c5ccccc5C4(C=Cc4ccc5c(c4)C(CCCCCCCC)(CCCCCCCC)c4ccccc4-5)C=Cc4ccc5c(c4)C(CCCCCCCC)(CCCCCCCC)c4ccccc4-5)C(C)(C)c4ccccc43)cc21,0.47271041396793717,0
CCN1/C(=C\C=C\C=C\C2=[N+](CC)c3ccccc3C2(C)C)C(C)(C)c2cccc(Cl)c21,0.46695602521329876,0
CCN1/C(=C\C=C\C=C\C2=[N+](CC)c3cccc(O)c3C2(C)C)C(C)(C)c2ccccc21,0.4656899669799823,0
CCN1/C(=C\C=C\C=C\C2=[N+](CC)c3c(cccc3C=CN(C)C)C2(C)C)C(C)(C)c2ccccc21,0.4654565821946271,0
CCN1/C(=C\C=C\C=C\C2=[N+](CC)c3cc(C=CCl)ccc3C2(C)C)C(C)(C)c2ccccc21,0.46380319406748916,0
CCN1C(=Cc2ccc3c(c2)C(C)(C)C(/C=C/C=C/C=C2\N(CC)c4ccccc4C2(C)C)=[N+]3CC)Sc2ccccc21,0.46103065150974537,0
CCN1C(=Cc2cccc3c2C(C)(C)/C(=C/C=C/C=C/C2=[N+](CC)c4ccccc4C2(C)C)N3CC)Sc2ccccc21,0.46052994613218506,0
CCN1/C(=C\C=C\C=C\C2=[N+](CC)c3c(cccc3c3ccc(-c4ccc(N(C)C)cc4)s3)C2(C)C)C(C)(C)c2ccccc21,0.4574447925186609,0
CCN1/C(=C\C=C\C=C\C2=[N+](CC)c3ccccc3C2(C)C)C(C)(C)c2cc(Cl)ccc21,0.45580240271428,0
CCCCCCCCC1(CCCCCCCC)c2ccccc2-c2ccc(C=CN3C(=CC=CC=CC4=[N+](CC)c5ccccc5C4(C)C)C(C)(C)c4ccccc43)cc21,0.4551990284955977,0
CCCCCCCCC1(CCCCCCCC)c2ccccc2-c2ccc(C=CN3/C(=C\C=C\C=C\C4=[N+](CC)c5ccccc5C4(C)C)C(C)(C)c4ccccc43)cc21,0.4551990284955977,0
CCCCCCCCC1(CCCCCCCC)c2ccccc2-c2ccc(C=CN3C(=CC=CC=CC4=[N+](C=Cc5ccc6c(c5)C(CCCCCCCC)(CCCCCCCC)c5ccccc5-6)c5ccccc5C4(C)C)C(C)(C=Cc4ccc5c(c4)C(CCCCCCCC)(CCCCCCCC)c4ccccc4-5)c4ccccc43)cc21,0.44960790744987894,0
CCN1/C(=C\C=C\C=C\C2=[N+](CC)c3cccc(N(C)C)c3C2(C)C)C(C)(C)c2ccccc21,0.44239538726857175,0
CCN1/C(=C\C=C\C=C\C2=[N+](C(C)C=CC=C3C=Cc4ccccc4N3C)c3ccccc3C2(C)C)C(C)(C)c2ccccc21,0.44138433251258513,0
CCN1/C(=C\C=C\C=C\C2=[N+](C(C)N(C)C)c3ccccc3C2(C)C)C(C)(C)c2ccccc21,0.44079613479754015,0
CCN1/C(=C\C=C\C=C\C2=[N+](CC)c3ccccc3C2(C)C)C(C)(C)c2ccc(C=Cc3ccc(OC)cc3OC)cc21,0.4359805910527682,0
CCN1/C(=C\C=C\C=C\C2=[N+](CC)c3ccccc3C2(C)C)C(C)(C)c2cccc(C=Cc3ccc(N(C)C)cc3)c21,0.4358307276348229,0
CCN1/C(=C\C=C\C=C\C2=[N+](CC)c3ccccc3C2(C)C)C(C)(C)c2c1cccc2O,0.4353014001190542,0
CCN1C(=CC=C/C(=C\C=C\C=C2/N(CC)c3ccccc3C2(C)C)C2=[N+](CC)c3ccccc3C2(C)C)Sc2ccccc21,0.43324893132181125,0
CCN1/C(=C\C=C\C=C\C2=[N+](C(C)c3ccc([N+](=O)[O-])cc3)c3ccccc3C2(C)C)C(C)(C)c2ccccc21,0.42525629381077995,0
CCN1/C(=C\C=C\C=C(\C2=[N+](CC)c3ccccc3C2(C)C)c2ccc(-c3ccc(N(C)C)cc3)s2)C(C)(C)c2ccccc21,0.41651237985195577,0
C#Cc1ccc(C(/C=C/C=C2\N(CC)c3ccccc3C2(C)C)=C\C2=[N+](CC)c3ccccc3C2(C)C)cc1,0.414562559172281,0
CCN1/C(=C\C=C\C=C\C2=[N+](CC)c3ccccc3C2(C)C)C(C)(C)c2cccc(c3ccc(-c4ccc(N(C)C)cc4)s3)c21,0.4117748270953367,0
CCN1C(=CCC2(C)C(/C=C/C=C/C=C3\N(CC)c4ccccc4C3(C)C)=[N+](CC)c3ccccc32)Sc2ccccc21,0.40974862840075843,0
CCN1/C(=C\C=C\C(=C\C2=[N+](CC)c3ccccc3C2(C)C)C=Cc2ccc(OC)cc2OC)C(C)(C)c2ccccc21,0.4037816691632767,0
CCN1/C(=C\C=C\C=C\C2=[N+](CC)c3ccccc3C2(C)C)C(C)(C)c2ccc(Cl)cc21,0.40357851552041235,0
CCN1/C(=C\C=C\C=C\C2=[N+](CC)c3ccccc3C2(C)C)C(C)(C)c2cc(C=Cc3ccc(OC)cc3OC)ccc21,0.4008739672820944,0
CCN1/C(=C\C=C\C=C\C2=[N+](CC)c3ccccc3C2(C)C)C(C)(C)c2cccc(C=CN(C)C)c21,0.3957981752507245,0
CCN1/C(=C\C=C\C(=C\C2=[N+](CC)c3ccccc3C2(C)C)C=CC=C2C=C(c3ccccc3)Oc3cc(N(C)C)ccc32)C(C)(C)c2ccccc21,0.3938268164008787,0
CCCCCCCCC1(CCCCCCCC)c2ccccc2-c2ccc(C=CC[N+]3=C(C=CC=CC=C4N(C=Cc5ccc6c(c5)C(CCCCCCCC)(CCCCCCCC)c5ccccc5-6)c5ccccc5C4(C)C)C(C)(C)c4ccccc43)cc21,0.38923452095978583,0
CCN1C(=Cc2ccc3c(c2)C(C)(C)/C(=C/C=C/C=C/C2=[N+](CC)c4ccccc4C2(C)C)N3CC)Sc2ccccc21,0.38873906160601895,0
CCN1/C(=C\C=C\C=C\C2=[N+](CC)c3c(cccc3N(C)C)C2(C)C)C(C)(C)c2ccccc21,0.38834753814942197,0
CCN1C(=CC=CC(/C=C2\N(CC)c3ccccc3C2(C)C)=C\C=C\C2=[N+](CC)c3ccccc3C2(C)C)Sc2ccccc21,0.383276593826205,0
CCN1/C(=C\C=C\C=C\C2=[N+](C(C)C=Cc3ccc(N(C)C)cc3)c3ccccc3C2(C)C)C(C)(C)c2ccccc21,0.380261369346808,0
CCN1/C(=C\C=C\C=C\C2=[N+](C(C)Cl)c3ccccc3C2(C)C)C(C)(C)c2ccccc21,0.3704969784327649,0
CCN1/C(=C\C=C\C=C\C2=[N+](CC)c3ccccc3C2(C)C)C(C)(C)c2c1cccc2N(C)C,0.36171849235760467,0
CCN1/C(=C\C=C\C=C\C2=[N+](C(C)O)c3ccccc3C2(C)C)C(C)(C)c2ccccc21,0.35542498777782816,0
CCCCCCCCC1(CCCCCCCC)c2ccccc2-c2ccc(C=CCN3C(=CC=CC=CC4=[N+](C=Cc5ccc6c(c5)C(CCCCCCCC)(CCCCCCCC)c5ccccc5-6)c5ccccc5C4(C)C)C(C)(C=Cc4ccc5c(c4)C(CCCCCCCC)(CCCCCCCC)c4ccccc4-5)c4ccccc43)cc21,0.34706431383918473,0
CCN1/C(=C\C=C\C(=C\C2=[N+](CC)c3ccccc3C2(C)C)c2ccc(N(C)C)cc2)C(C)(C)c2ccccc21,0.3357074392905823,0
CCN1/C(=C\C=C\C=C\C2=[N+](CCN(C)C)c3ccccc3C2(C)C)C(C)(C)c2ccccc21,0.33359365690415327,0
CCCCCCCCC1(CCCCCCCC)c2ccccc2-c2ccc(C=CN3C(=CC=CC=CC4=[N+](C=Cc5ccc6c(c5)C(CCCCCCCC)(CCCCCCCC)c5ccccc5-6)c5ccccc5C4(C)C)C(C)(C)c4ccccc43)cc21,0.33273265808912134,0
CCN1/C(=C\C=C\C(=C\C2=[N+](CC)c3ccccc3C2(C)C)C=CC=C2C=Cc3ccccc3N2C)C(C)(C)c2ccccc21,0.33092612883854994,0
CCN1/C(=C\C=C\C=C(\C2=[N+](CC)c3ccccc3C2(C)C)c2ccc(OC)cc2)C(C)(C)c2ccccc21,0.32934285537693947,0
CCCCCCCCC1(CCCCCCCC)c2ccccc2-c2ccc(C=C[N+]3=C(C=CC=CC=C4N(CC)c5ccccc5C4(C=Cc4ccc5c(c4)C(CCCCCCCC)(CCCCCCCC)c4ccccc4-5)C=Cc4ccc5c(c4)C(CCCCCCCC)(CCCCCCCC)c4ccccc4-5)C(C)(C)c4ccccc43)cc21,0.3292124211082766,0
CCN1/C(=C\C=C\C(=C\C2=[N+](CC)c3ccccc3C2(C)C)c2ccc(OC)cc2)C(C)(C)c2ccccc21,0.31915032410170097,0
CCN1/C(=C\C=C\C=C\C2=[N+](CCO)c3ccccc3C2(C)C)C(C)(C)c2ccccc21,0.31566863062236517,0
CCN1C(=CC=CC(C)[N+]2=C(/C=C/C=C/C=C3\N(CC)c4ccccc4C3(C)C)C(C)(C)c3ccccc32)Sc2ccccc21,0.31122946147221486,0
CCN1/C(=C\C=C\C=C\C2=[N+](CC)c3ccccc3C2(C)C)C(C)(C)c2cc(C=Cc3c[nH]c4ccccc34)ccc21,0.3094151045122453,0
CCN1/C(=C\C=C(\C=C\C2=[N+](CC)c3ccccc3C2(C)C)C=Cc2ccc(OC)cc2OC)C(C)(C)c2ccccc21,0.3084220503160574,0
CCN1/C(=C\C=C\C=C\C2=[N+](CC)c3ccccc3C2(C)C)C(C)(C)c2ccc(C=CC=C3C=C(c4ccccc4)Oc4cc(N(C)C)ccc43)cc21,0.30795690143193466,0
CCN1C(=CC=CCC2(C)C(/C=C/C=C/C=C3\N(CC)c4ccccc4C3(C)C)=[N+](CC)c3ccccc32)Sc2ccccc21,0.30526238481506013,0
CCN1/C(=C\C=C\C=C\C2=[N+](CC)c3ccccc3C2(C)C)C(C)(C)c2cc(C=CC=C3C=C(c4ccccc4)Oc4cc(N(C)C)ccc43)ccc21,0.30488193322890006,0
CCN1/C(=C\C=C\C=C(\C2=[N+](CC)c3ccccc3C2(C)C)c2ccc(N(C)C)cc2)C(C)(C)c2ccccc21,0.304502990241654,0
CCN1/C(=C\C=C\C=C\C2=[N+](CC)c3ccccc3C2(C)C)C(C)(C)c2ccc(C=Cc3c[nH]c4ccccc34)cc21,0.2992163368790538,0
CCN1/C(=C\C=C\C=C\C2=[N+](CC)c3ccccc3C2(C)C)C(C)(C)c2ccc(C=CCl)cc21,0.2940483079974905,0
CCN1/C(=C\C=C\C=C\C2=[N+](CC)c3ccccc3C2(C)C)C(C)(C)c2cc(C=CCl)ccc21,0.2937522254280993,0
CCCCCCCCC1(CCCCCCCC)c2ccccc2-c2ccc(C=CN3C(=CC=CC=CC4=[N+](C=Cc5ccc6c(c5)C(CCCCCCCC)(CCCCCCCC)c5ccccc5-6)c5ccccc5C4(C)C=Cc4ccc5c(c4)C(CCCCCCCC)(CCCCCCCC)c4ccccc4-5)C(C)(C)c4ccccc43)cc21,0.2931884647449926,0
CCN1/C(=C\C=C\C=C(\C2=[N+](CC)c3ccccc3C2(C)C)c2ccc(N)cc2)C(C)(C)c2ccccc21,0.290363035882064,0
CCN1/C(=C\C=C\C=C\C2=[N+](CC)c3ccc(C=CN(C)C)cc3C2(C)C)C(C)(C)c2ccccc21,0.2888612049024447,0
CCCCCCCCC1(CCCCCCCC)c2ccccc2-c2ccc(C=C[N+]3=C(C=CC=CC=C4N(CC)c5ccccc5C4(C)C)C(C=Cc4ccc5c(c4)C(CCCCCCCC)(CCCCCCCC)c4ccccc4-5)(C=Cc4ccc5c(c4)C(CCCCCCCC)(CCCCCCCC)c4ccccc4-5)c4ccccc43)cc21,0.2870196227228115,0
CCCCCCCCC1(CCCCCCCC)c2ccccc2-c2ccc(C=C[N+]3=C(C=CC=CC=C4N(CC)c5ccccc5C4(C)C=Cc4ccc5c(c4)C(CCCCCCCC)(CCCCCCCC)c4ccccc4-5)C(C)(C)c4ccccc43)cc21,0.28149875433922295,0
CCN1/C(=C\C=C\C(=C\C2=[N+](CC)c3ccccc3C2(C)C)C=Cc2c[nH]c3ccccc23)C(C)(C)c2ccccc21,0.27788447138152267,0
CCN1/C(=C\C=C\C=C(\C2=[N+](CC)c3ccccc3C2(C)C)c2ccc([N+](=O)[O-])cc2)C(C)(C)c2ccccc21,0.27424241872029215,0
CCN1/C(=C\C=C\C(=C\C2=[N+](CC)c3ccccc3C2(C)C)C=C2C=Cc3ccccc3N2C)C(C)(C)c2ccccc21,0.2721505443360046,0
CCN1/C(=C\C=C\C(=C\C2=[N+](CC)c3ccccc3C2(C)C)c2ccc([N+](=O)[O-])cc2)C(C)(C)c2ccccc21,0.2680698196935048,0
CCCCCCCCC1(CCCCCCCC)c2ccccc2-c2ccc(C=CCN3C(=CC=CC=CC4=[N+](C=Cc5ccc6c(c5)C(CCCCCCCC)(CCCCCCCC)c5ccccc5-6)c5ccccc5C4(C)C)C(C)(C)c4ccccc43)cc21,0.2671357629398021,0
CCN1/C(=C\C=C\C(=C\C2=[N+](CC)c3ccccc3C2(C)C)c2ccc(N)cc2)C(C)(C)c2ccccc21,0.26278117750177526,0
CCN1/C(=C\C=C\C=C\C2=[N+](C(C)C=CCl)c3ccccc3C2(C)C)C(C)(C)c2ccccc21,0.26024534110320974,0
CCN1/C(=C\C=C\C(=C\C2=[N+](CC)c3ccccc3C2(C)C)C=Cc2ccc(N(C)C)cc2)C(C)(C)c2ccccc21,0.2549190458101687,0
CCN1/C(=C\C=C\C=C(\C2=[N+](CC)c3ccccc3C2(C)C)C=CCl)C(C)(C)c2ccccc21,0.24983136900729364,0
CCN1/C(=C\C=C\C=C\C2=[N+](CC)c3ccccc3C2(C)CC=Cc2ccc(N(C)C)cc2)C(C)(C)c2ccccc21,0.24919024552295732,0
CCCCCCCCC1(CCCCCCCC)c2ccccc2-c2ccc(C=C[N+]3=C(C=CC=CC=C4N(CC)c5ccccc5C4(C)C=Cc4ccc5c(c4)C(CCCCCCCC)(CCCCCCCC)c4ccccc4-5)C(C)(C=Cc4ccc5c(c4)C(CCCCCCCC)(CCCCCCCC)c4ccccc4-5)c4ccccc43)cc21,0.23237114607134984,0
CCN1/C(=C\C=C\C(=C\C2=[N+](CC)c3ccccc3C2(C)C)C=CC=C2N(C)c3ccccc3C2(C)C)C(C)(C)c2ccccc21,0.23162046204652412,0
C#Cc1ccc(/C(=C\C=C\C=C2/N(CC)c3ccccc3C2(C)C)C2=[N+](CC)c3ccccc3C2(C)C)cc1,0.22938753003300622,0
CCCCCCCCC1(CCCCCCCC)c2ccccc2-c2ccc(C=CCN3C(=CC=CC=CC4=[N+](C=Cc5ccc6c(c5)C(CCCCCCCC)(CCCCCCCC)c5ccccc5-6)c5ccccc5C4(C)C=Cc4ccc5c(c4)C(CCCCCCCC)(CCCCCCCC)c4ccccc4-5)C(C)(C)c4ccccc43)cc21,0.22723919205359172,0
CCN1/C(=C\C=C\C(=C\C2=[N+](CC)c3ccccc3C2(C)C)O)C(C)(C)c2ccccc21,0.2137172199742494,0
CCN1/C(=C\C=C\C(=C\C2=[N+](CC)c3ccccc3C2(C)C)N(C)C)C(C)(C)c2ccccc21,0.20895211105218212,0
CCCCCCCCC1(CCCCCCCC)c2ccccc2-c2ccc(C=C[N+]3=C(C=CC=CC=C4N(CC)c5ccccc5C4(C)C)C(C)(C)c4ccccc43)cc21,0.20671244847593456,0
CCCCCCCCC1(CCCCCCCC)c2ccccc2-c2ccc(C=C[N+]3=C(/C=C/C=C/C=C4\N(CC)c5ccccc5C4(C)C)C(C)(C)c4ccccc43)cc21,0.20671244847593456,0
CCN1/C(=C\C=C\C=C\C2=[N+](CC)c3cccc(C=CC=C4C=Cc5ccccc5N4C)c3C2(C)C)C(C)(C)c2ccccc21,0.19912372751623114,0
CCN1/C(=C\C=C\C=C\C2=[N+](C(C)C=CN(C)C)c3ccccc3C2(C)C)C(C)(C)c2ccccc21,0.19714754498072484,0
CCN1/C(=C\C=C\C=C\C2=[N+](CC)c3cc(C=CN(C)C)ccc3C2(C)C)C(C)(C)c2ccccc21,0.19094773611114035,0
CCN1/C(=C\C=C\C=C\C2=[N+](CC)c3ccccc3C2(C)C)C(C)(C)c2c1cccc2C=CC=C1C=Cc2ccccc2N1C,0.19077948577796536,0
CCN1/C(=C\C=C\C=C\C2=[N+](CC)c3ccccc3C2(C)CC=CN(C)C)C(C)(C)c2ccccc21,0.18811465088470697,0
CCCCCCCCC1(CCCCCCCC)c2ccccc2-c2ccc(C=C[N+]3=C(C=CC=CC=C4N(CC)c5ccccc5C4(C)C)C(C)(C=Cc4ccc5c(c4)C(CCCCCCCC)(CCCCCCCC)c4ccccc4-5)c4ccccc43)cc21,0.18031039195183107,0
CCN1/C(=C\C=C\C=C(\C2=[N+](CC)c3ccccc3C2(C)C)N(C)C)C(C)(C)c2ccccc21,0.17657859856920755,0
CCN1C(=CC=CC(/C=C/C2=[N+](CC)c3ccccc3C2(C)C)=C\C=C2/N(CC)c3ccccc3C2(C)C)Sc2ccccc21,0.16675044004709805,0
CCN1/C(=C\C=C\C(=C\C2=[N+](CC)c3ccccc3C2(C)C)Cl)C(C)(C)c2ccccc21,0.1624738350586204,0
CCN1/C(=C\C=C\C=C\C2=[N+](CC)c3c(cccc3O)C2(C)C)C(C)(C)c2ccccc21,0.1618691459507466,0
CCN1/C(=C\C=C\C=C(\C2=[N+](CC)c3ccccc3C2(C)C)C=CN(C)C)C(C)(C)c2ccccc21,0.16132480352643924,0
CCN1/C(=C\C=C\C=C\C2=[N+](CC)c3cccc(C=CC=C4N(C)c5ccccc5C4(C)C)c3C2(C)C)C(C)(C)c2ccccc21,0.15810283971453518,0
CCN1/C(=C\C=C\C(=C\C2=[N+](CC)c3ccccc3C2(C)C)C=C2N(C)c3ccccc3C2(C)C)C(C)(C)c2ccccc21,0.15401792214930637,0
CCN1/C(=C\C=C\C=C\C2=[N+](CC)c3ccccc3C2(C)C)C(C)(C)c2c1cccc2C=CC=C1N(C)c2ccccc2C1(C)C,0.15125003310439475,0
CCN1/C(=C\C=C\C(=C\C2=[N+](CC)c3ccccc3C2(C)C)C=CCl)C(C)(C)c2ccccc21,0.14472252572167021,0
CCN1/C(=C\C=C\C=C\C2=[N+](CC)c3ccccc3C2(C)C)C(C)(C)c2cccc(N(C)C)c21,0.12774659079609205,0
CCN1/C(=C\C=C\C=C\C2=[N+](CC)c3ccccc3C2(C)C)C(C)(C)c2cccc(C=CC=C3C=Cc4ccccc4N3C)c21,0.1017902966334306,0
CCN1/C(=C\C=C\C=C\C2=[N+](CC)c3ccccc3C2(C)C)C(C)(C)c2cccc(C=CC=C3N(C)c4ccccc4C3(C)C)c21,0.09502227816754973,0
CCN1/C(=C\C=C\C=C\C2=[N+](CC)c3c(cccc3C=CC=C3C=Cc4ccccc4N3C)C2(C)C)C(C)(C)c2ccccc21,0.09422315701626277,0
CCN1/C(=C\C=C\C=C\C2=[N+](CC)c3ccccc3C2(C)C)C(C)(C)c2cc(C=CN(C)C)ccc21,0.0938703107110806,0
CCN1/C(=C\C=C\C=C\C2=[N+](CC)c3ccccc3C2(C)C)C(C)(C)c2ccc(C=CN(C)C)cc21,0.09182608494667224,0
CCN1/C(=C\C=C\C=C(\C2=[N+](CC)c3ccccc3C2(C)C)Cl)C(C)(C)c2ccccc21,0.09114786647356993,0
CCN1/C(=C\C=C\C=C(\C2=[N+](CC)c3ccccc3C2(C)C)C=C2N(C)c3ccccc3C2(C)C)C(C)(C)c2ccccc21,0.09113056981948049,0
CCN1/C(=C(\C=C\C=C\C2=[N+](CC)c3ccccc3C2(C)C)C=Cc2ccc(N3c4ccccc4CCc4ccccc43)cc2)C(C)(C)c2ccccc21,0.08775656080459454,0
CCN1/C(=C(\C=C\C=C\C2=[N+](CC)c3ccccc3C2(C)C)C=Cc2c[nH]c3ccccc23)C(C)(C)c2ccccc21,0.08195344606322157,0
CCN1/C(=C\C=C\C=C(\C2=[N+](CC)c3ccccc3C2(C)C)O)C(C)(C)c2ccccc21,0.08143715939017397,0
CCN1/C(=C\C=C\C(=C\C2=[N+](CC)c3ccccc3C2(C)C)C=CN(C)C)C(C)(C)c2ccccc21,0.07087358979721307,0
CCN1C(=C/C(=C\C=C\C=C2/N(CC)c3ccccc3C2(C)C)C2=[N+](CC)c3ccccc3C2(C)C)Sc2ccccc21,0.06699828796474243,0
CCN1C(=CC=Cc2cccc3c2C(C)(C)C(/C=C/C=C/C=C2\N(CC)c4ccccc4C2(C)C)=[N+]3CC)Sc2ccccc21,0.05878379200615204,0
CCN1/C(=C\C=C(\C=C\C2=[N+](CC)c3ccccc3C2(C)C)C=Cc2ccc(N3c4ccccc4CCc4ccccc43)cc2)C(C)(C)c2ccccc21,0.05662350268509122,0
CCN1/C(=C\C=C\C=C\C2=[N+](CC)c3c(cccc3C=CC=C3N(C)c4ccccc4C3(C)C)C2(C)C)C(C)(C)c2ccccc21,0.056394239486507146,0
CCN1/C(=C\C=C(\C=C\C2=[N+](CC)c3ccccc3C2(C)C)C=C2C=Cc3ccccc3N2C)C(C)(C)c2ccccc21,0.05604863665119245,0
CCN1C(=CC=CC(/C=C/C=C2\N(CC)c3ccccc3C2(C)C)=C\C2=[N+](CC)c3ccccc3C2(C)C)Sc2ccccc21,0.054988995178209946,0
CCN1/C(=C(\C=C\C=C\C2=[N+](CC)c3ccccc3C2(C)C)c2ccc(N(C)C)cc2)C(C)(C)c2ccccc21,0.05028241911347335,0
CCN1/C(=C(\C=C\C=C\C2=[N+](CC)c3ccccc3C2(C)C)C=C2C=Cc3ccccc3N2C)C(C)(C)c2ccccc21,0.04926581891089211,0
CCN1/C(=C\C=C\C=C\C2=[N+](CC)c3ccccc3C2(C)C)C(C)(C)c2ccc(C=CC=C3C=Cc4ccccc4N3C)cc21,0.048381847368861,0
CCN1/C(=C(\C=C\C=C\C2=[N+](CC)c3ccccc3C2(C)C)c2ccc(-c3ccc(N(C)C)cc3)s2)C(C)(C)c2ccccc21,0.047427325816159965,0
CCN1/C(=C\C=C\C=C\C2=[N+](CC)c3cc(C=CC=C4C=Cc5ccccc5N4C)ccc3C2(C)C)C(C)(C)c2ccccc21,0.04504650169659979,0
CCN1C(=CC=Cc2cccc3c2C(C)(C)/C(=C/C=C/C=C/C2=[N+](CC)c4ccccc4C2(C)C)N3CC)Sc2ccccc21,0.04430863656096733,0
CCN1/C(=C\C=C\C=C\C2=[N+](CC)c3cc(C=CC=C4N(C)c5ccccc5C4(C)C)ccc3C2(C)C)C(C)(C)c2ccccc21,0.042499694114192056,0
CCN1/C(=C\C=C\C=C\C2=[N+](CC)c3ccccc3C2(C)C)C(C)(C)c2ccc(C=CC=C3N(C)c4ccccc4C3(C)C)cc21,0.04168018779285719,0
CCN1C(=CC=Cc2ccc3c(c2)[N+](CC)=C(/C=C/C=C/C=C2\N(CC)c4ccccc4C2(C)C)C3(C)C)Sc2ccccc21,0.036107931086276315,0
CCN1C(=CC=Cc2ccc3c(c2)N(CC)/C(=C\C=C\C=C\C2=[N+](CC)c4ccccc4C2(C)C)C3(C)C)Sc2ccccc21,0.03434890876123189,0
CCN1/C(=C\C=C\C(=C\C2=[N+](CC)c3ccccc3C2(C)C)c2ccc(-c3ccc(N(C)C)cc3)s2)C(C)(C)c2ccccc21,0.033754101697520085,0
CCN1C(=CC=Cc2cccc3c2N(CC)/C(=C\C=C\C=C\C2=[N+](CC)c4ccccc4C2(C)C)C3(C)C)Sc2ccccc21,0.03287330101582618,0
CCN1/C(=C\C=C(\C=C\C2=[N+](CC)c3ccccc3C2(C)C)C=Cc2c[nH]c3ccccc23)C(C)(C)c2ccccc21,0.0325498341995811,0
CCN1C(=CC(/C=C/C=C2\N(CC)c3ccccc3C2(C)C)=C\C2=[N+](CC)c3ccccc3C2(C)C)Sc2ccccc21,0.029320747744140892,0
CCN1/C(=C\C=C\C=C\C2=[N+](CC)c3ccc(C=CC=C4C=Cc5ccccc5N4C)cc3C2(C)C)C(C)(C)c2ccccc21,0.026833693246726353,0
CCN1/C(=C\C=C(\C=C\C2=[N+](CC)c3ccccc3C2(C)C)C=C2N(C)c3ccccc3C2(C)C)C(C)(C)c2ccccc21,0.02625736835244014,0
CCN1/C(=C\C=C\C=C\C2=[N+](CC)c3ccccc3C2(C)C)C(C)(C)c2cc(C=CC=C3N(C)c4ccccc4C3(C)C)ccc21,0.02625096925234822,0
CCN1/C(=C\C=C(\C=C\C2=[N+](CC)c3ccccc3C2(C)C)N(C)C)C(C)(C)c2ccccc21,0.025646009637552022,0
CCN1/C(=C(\C=C\C=C\C2=[N+](CC)c3ccccc3C2(C)C)c2ccc(N)cc2)C(C)(C)c2ccccc21,0.024922039865291654,0
CCN1/C(=C\C=C\C=C\C2=[N+](CC)c3ccc(C=CC=C4N(C)c5ccccc5C4(C)C)cc3C2(C)C)C(C)(C)c2ccccc21,0.024411311953062367,0
CCN1C(=CC=Cc2cccc3c2[N+](CC)=C(/C=C/C=C/C=C2\N(CC)c4ccccc4C2(C)C)C3(C)C)Sc2ccccc21,0.024319109854189346,0
CCN1/C(=C(\C=C\C=C\C2=[N+](CC)c3ccccc3C2(C)C)c2ccc(OC)cc2)C(C)(C)c2ccccc21,0.024117051877509132,0
CCN1/C(=C\C=C\C=C\C2=[N+](CC)c3ccccc3C2(C)C)C(C)(C)c2cc(C=CC=C3C=Cc4ccccc4N3C)ccc21,0.023172388415701763,0
CCN1/C(=C\C=C(\C=C\C2=[N+](CC)c3ccccc3C2(C)C)O)C(C)(C)c2ccccc21,0.02242467854296979,0
CCN1/C(=C\C=C(\C=C\C2=[N+](CC)c3ccccc3C2(C)C)C=Cc2ccc(N(C)C)cc2)C(C)(C)c2ccccc21,0.022120946077795946,0
C#Cc1ccc(C(/C=C/C=C/C2=[N+](CC)c3ccccc3C2(C)C)=C2/N(CC)c3ccccc3C2(C)C)cc1,0.02164150387279892,0
CCN1/C(=C\C(=C\C=C\C2=[N+](CC)c3ccccc3C2(C)C)C=Cc2c[nH]c3ccccc23)C(C)(C)c2ccccc21,0.021600507425751984,0
CCN1/C(=C\C(=C\C=C\C2=[N+](CC)c3ccccc3C2(C)C)C=Cc2ccc(N3c4ccccc4CCc4ccccc43)cc2)C(C)(C)c2ccccc21,0.021475974940503392,0
CCN1/C(=C(\C=C\C=C\C2=[N+](CC)c3ccccc3C2(C)C)C=Cc2ccc(OC)cc2OC)C(C)(C)c2ccccc21,0.021093432972421094,0
CCN1/C(=C(\C=C\C=C\C2=[N+](CC)c3ccccc3C2(C)C)C=Cc2ccc(N(C)C)cc2)C(C)(C)c2ccccc21,0.018059510987292922,0
CCN1/C(=C(\C=C\C=C\C2=[N+](CC)c3ccccc3C2(C)C)C=C2N(C)c3ccccc3C2(C)C)C(C)(C)c2ccccc21,0.017663414220096308,0
CCN1/C(=C\C(=C\C=C\C2=[N+](CC)c3ccccc3C2(C)C)c2ccc(N(C)C)cc2)C(C)(C)c2ccccc21,0.017055228252360468,0
CCN1/C(=C\C=C(\C=C\C2=[N+](CC)c3ccccc3C2(C)C)C=CCl)C(C)(C)c2ccccc21,0.01566480952123821,0
CCN1C(=CC=Cc2ccc3c(c2)C(C)(C)C(/C=C/C=C/C=C2\N(CC)c4ccccc4C2(C)C)=[N+]3CC)Sc2ccccc21,0.014886093292984025,0
CCN1/C(=C(\C=C\C=C\C2=[N+](CC)c3ccccc3C2(C)C)N(C)C)C(C)(C)c2ccccc21,0.014273377991328908,0
CCN1/C(=C(\C=C\C=C\C2=[N+](CC)c3ccccc3C2(C)C)c2ccc([N+](=O)[O-])cc2)C(C)(C)c2ccccc21,0.013925074735708889,0
CCN1/C(=C(\C=C\C=C\C2=[N+](CC)c3ccccc3C2(C)C)C=CCl)C(C)(C)c2ccccc21,0.013862179828805811,0
CCN1/C(=C\C=C(\C=C\C2=[N+](CC)c3ccccc3C2(C)C)c2ccc(OC)cc2)C(C)(C)c2ccccc21,0.013629810700004496,0
CCN1/C(=C\C=C(\C=C\C2=[N+](CC)c3ccccc3C2(C)C)c2ccc(N(C)C)cc2)C(C)(C)c2ccccc21,0.013590387462073422,0
CCN1/C(=C\C(=C\C=C\C2=[N+](CC)c3ccccc3C2(C)C)C=Cc2ccc(OC)cc2OC)C(C)(C)c2ccccc21,0.013416375180458545,0
CCN1/C(=C\C(=C\C=C\C2=[N+](CC)c3ccccc3C2(C)C)c2ccc(-c3ccc(N(C)C)cc3)s2)C(C)(C)c2ccccc21,0.01332829997212071,0
CCN1C(=CC=Cc2ccc3c(c2)C(C)(C)/C(=C/C=C/C=C/C2=[N+](CC)c4ccccc4C2(C)C)N3CC)Sc2ccccc21,0.012983216021049886,0
CCN1/C(=C\C(=C\C=C\C2=[N+](CC)c3ccccc3C2(C)C)C=C2C=Cc3ccccc3N2C)C(C)(C)c2ccccc21,0.01297583509143296,0
CCN1C(=CC(/C=C/C=C/C2=[N+](CC)c3ccccc3C2(C)C)=C2/N(CC)c3ccccc3C2(C)C)Sc2ccccc21,0.012418707748313449,0
CCN1/C(=C\C=C(\C=C\C2=[N+](CC)c3ccccc3C2(C)C)Cl)C(C)(C)c2ccccc21,0.012300816317577118,0
CCN1/C(=C\C(=C\C=C\C2=[N+](CC)c3ccccc3C2(C)C)C=Cc2ccc(N(C)C)cc2)C(C)(C)c2ccccc21,0.012172813156371906,0
CCN1/C(=C\C=C(\C=C\C2=[N+](CC)c3ccccc3C2(C)C)C=CN(C)C)C(C)(C)c2ccccc21,0.012035645433851033,0
CCN1/C(=C\C=C(\C=C\C2=[N+](CC)c3ccccc3C2(C)C)c2ccc(-c3ccc(N(C)C)cc3)s2)C(C)(C)c2ccccc21,0.011837609548903795,0
C#Cc1ccc(C(/C=C/C2=[N+](CC)c3ccccc3C2(C)C)=C\C=C2/N(CC)c3ccccc3C2(C)C)cc1,0.011574188096276557,0
CCN1/C(=C(\C=C\C=C\C2=[N+](CC)c3ccccc3C2(C)C)Cl)C(C)(C)c2ccccc21,0.011364959669138926,0
CCN1/C(=C\C(=C\C=C\C2=[N+](CC)c3ccccc3C2(C)C)c2ccc(N)cc2)C(C)(C)c2ccccc21,0.010976350980884394,0
CCN1C(=CC(/C=C/C2=[N+](CC)c3ccccc3C2(C)C)=C\C=C2/N(CC)c3ccccc3C2(C)C)Sc2ccccc21,0.010770249011567814,0
CCN1/C(=C\C(=C\C=C\C2=[N+](CC)c3ccccc3C2(C)C)c2ccc(OC)cc2)C(C)(C)c2ccccc21,0.010767079943215543,0
CCN1/C(=C\C=C(\C=C\C2=[N+](CC)c3ccccc3C2(C)C)c2ccc(N)cc2)C(C)(C)c2ccccc21,0.010693190752012846,0
CCN1/C(=C\C=C(\C=C\C2=[N+](CC)c3ccccc3C2(C)C)c2ccc([N+](=O)[O-])cc2)C(C)(C)c2ccccc21,0.01057465985754532,0
C#Cc1ccc(C(/C=C2\N(CC)c3ccccc3C2(C)C)=C\C=C\C2=[N+](CC)c3ccccc3C2(C)C)cc1,0.01037902136027524,0
CCN1/C(=C(\C=C\C=C\C2=[N+](CC)c3ccccc3C2(C)C)O)C(C)(C)c2ccccc21,0.010350392785746761,0
CCN1/C(=C\C(=C\C=C\C2=[N+](CC)c3ccccc3C2(C)C)C=C2N(C)c3ccccc3C2(C)C)C(C)(C)c2ccccc21,0.009567311842361068,0
CCN1/C(=C\C(=C\C=C\C2=[N+](CC)c3ccccc3C2(C)C)C=CCl)C(C)(C)c2ccccc21,0.009408849993293509,0
CCN1/C(=C\C(=C\C=C\C2=[N+](CC)c3ccccc3C2(C)C)c2ccc([N+](=O)[O-])cc2)C(C)(C)c2ccccc21,0.009363578116891575,0
CCN1/C(=C\C(=C\C=C\C2=[N+](CC)c3ccccc3C2(C)C)O)C(C)(C)c2ccccc21,0.009194116696969736,0
CCN1/C(=C\C(=C\C=C\C2=[N+](CC)c3ccccc3C2(C)C)C=CN(C)C)C(C)(C)c2ccccc21,0.009072032389613731,0
CCN1/C(=C\C(=C\C=C\C2=[N+](CC)c3ccccc3C2(C)C)Cl)C(C)(C)c2ccccc21,0.008927118355572902,0
CCN1/C(=C(\C=C\C=C\C2=[N+](CC)c3ccccc3C2(C)C)C=CN(C)C)C(C)(C)c2ccccc21,0.008867749931496686,0
CCN1/C(=C\C(=C\C=C\C2=[N+](CC)c3ccccc3C2(C)C)N(C)C)C(C)(C)c2ccccc21,0.008835470649025382,0
CCN1C(=CC(/C=C2\N(CC)c3ccccc3C2(C)C)=C\C=C\C2=[N+](CC)c3ccccc3C2(C)C)Sc2ccccc21,0.008433410954889715,0
